customer_id,churn_probability,risk_level
CUST004181,1.0,High
CUST000543,1.0,High
CUST003790,1.0,High
CUST002057,1.0,High
CUST002117,1.0,High
CUST006013,1.0,High
CUST006030,1.0,High
CUST007574,1.0,High
CUST007245,1.0,High
CUST000622,1.0,High
CUST007614,1.0,High
CUST005774,1.0,High
CUST006649,1.0,High
CUST003656,1.0,High
CUST007795,1.0,High
CUST007221,1.0,High
CUST003533,1.0,High
CUST003580,1.0,High
CUST004871,1.0,High
CUST000352,1.0,High
CUST007379,1.0,High
CUST006685,1.0,High
CUST001715,1.0,High
CUST003420,1.0,High
CUST000501,1.0,High
CUST002150,1.0,High
CUST007092,1.0,High
CUST003058,1.0,High
CUST002594,1.0,High
CUST007445,1.0,High
CUST000322,1.0,High
CUST003604,1.0,High
CUST004811,1.0,High
CUST000936,1.0,High
CUST004704,1.0,High
CUST006967,1.0,High
CUST006965,1.0,High
CUST006554,1.0,High
CUST006982,1.0,High
CUST003448,1.0,High
CUST001459,1.0,High
CUST001477,1.0,High
CUST002501,1.0,High
CUST007214,1.0,High
CUST005154,1.0,High
CUST003875,1.0,High
CUST002296,1.0,High
CUST004537,1.0,High
CUST007843,1.0,High
CUST006513,1.0,High
CUST006452,1.0,High
CUST005455,1.0,High
CUST005306,1.0,High
CUST000269,1.0,High
CUST005588,1.0,High
CUST003264,1.0,High
CUST003161,1.0,High
CUST000751,1.0,High
CUST005328,1.0,High
CUST005413,1.0,High
CUST000900,1.0,High
CUST007208,1.0,High
CUST004515,1.0,High
CUST006852,1.0,High
CUST003355,1.0,High
CUST005508,1.0,High
CUST001612,1.0,High
CUST007469,1.0,High
CUST003095,1.0,High
CUST003396,1.0,High
CUST006414,1.0,High
CUST001971,1.0,High
CUST002033,1.0,High
CUST006776,1.0,High
CUST005929,1.0,High
CUST005916,1.0,High
CUST001344,1.0,High
CUST002747,1.0,High
CUST007168,1.0,High
CUST007592,1.0,High
CUST007407,1.0,High
CUST006945,1.0,High
CUST001324,1.0,High
CUST002783,1.0,High
CUST002806,1.0,High
CUST000540,0.9966666666666667,High
CUST007190,0.9966666666666667,High
CUST007576,0.9966666666666667,High
CUST007995,0.9966666666666667,High
CUST006206,0.9966666666666667,High
CUST001207,0.9966666666666667,High
CUST007965,0.9966666666666667,High
CUST006076,0.9966666666666667,High
CUST001325,0.9966666666666667,High
CUST001295,0.9966666666666667,High
CUST001283,0.9966666666666667,High
CUST000852,0.9966666666666667,High
CUST000822,0.9966666666666667,High
CUST000825,0.9966666666666667,High
CUST001350,0.9966666666666667,High
CUST006292,0.9966666666666667,High
CUST005918,0.9966666666666667,High
CUST005897,0.9966666666666667,High
CUST004214,0.9966666666666667,High
CUST004168,0.9966666666666667,High
CUST007341,0.9966666666666667,High
CUST004384,0.9966666666666667,High
CUST000480,0.9966666666666667,High
CUST004370,0.9966666666666667,High
CUST004431,0.9966666666666667,High
CUST004421,0.9966666666666667,High
CUST006739,0.9966666666666667,High
CUST001951,0.9966666666666667,High
CUST005559,0.9966666666666667,High
CUST005561,0.9966666666666667,High
CUST001594,0.9966666666666667,High
CUST001598,0.9966666666666667,High
CUST001566,0.9966666666666667,High
CUST003231,0.9966666666666667,High
CUST003310,0.9966666666666667,High
CUST003285,0.9966666666666667,High
CUST000707,0.9966666666666667,High
CUST000710,0.9966666666666667,High
CUST007485,0.9966666666666667,High
CUST005504,0.9966666666666667,High
CUST005438,0.9966666666666667,High
CUST006991,0.9966666666666667,High
CUST003353,0.9966666666666667,High
CUST003330,0.9966666666666667,High
CUST003934,0.9966666666666667,High
CUST000467,0.9966666666666667,High
CUST004460,0.9966666666666667,High
CUST004645,0.9966666666666667,High
CUST007269,0.9966666666666667,High
CUST004023,0.9966666666666667,High
CUST007202,0.9966666666666667,High
CUST007205,0.9966666666666667,High
CUST005368,0.9966666666666667,High
CUST003117,0.9966666666666667,High
CUST005849,0.9966666666666667,High
CUST002910,0.9966666666666667,High
CUST007505,0.9966666666666667,High
CUST001527,0.9966666666666667,High
CUST000183,0.9966666666666667,High
CUST006397,0.9966666666666667,High
CUST005602,0.9966666666666667,High
CUST005604,0.9966666666666667,High
CUST005693,0.9966666666666667,High
CUST005695,0.9966666666666667,High
CUST006410,0.9966666666666667,High
CUST007464,0.9966666666666667,High
CUST001642,0.9966666666666667,High
CUST001110,0.9966666666666667,High
CUST001115,0.9966666666666667,High
CUST001116,0.9966666666666667,High
CUST005275,0.9966666666666667,High
CUST005278,0.9966666666666667,High
CUST006509,0.9966666666666667,High
CUST006446,0.9966666666666667,High
CUST005082,0.9966666666666667,High
CUST006520,0.9966666666666667,High
CUST004584,0.9966666666666667,High
CUST004539,0.9966666666666667,High
CUST004531,0.9966666666666667,High
CUST003837,0.9966666666666667,High
CUST003796,0.9966666666666667,High
CUST003797,0.9966666666666667,High
CUST005187,0.9966666666666667,High
CUST002449,0.9966666666666667,High
CUST003441,0.9966666666666667,High
CUST004254,0.9966666666666667,High
CUST004267,0.9966666666666667,High
CUST002071,0.9966666666666667,High
CUST000996,0.9966666666666667,High
CUST001002,0.9966666666666667,High
CUST004335,0.9966666666666667,High
CUST006874,0.9966666666666667,High
CUST000553,0.9966666666666667,High
CUST000559,0.9966666666666667,High
CUST006836,0.9966666666666667,High
CUST005658,0.9966666666666667,High
CUST001472,0.9966666666666667,High
CUST007507,0.9966666666666667,High
CUST000749,0.9966666666666667,High
CUST006989,0.9966666666666667,High
CUST001123,0.9966666666666667,High
CUST001637,0.9966666666666667,High
CUST001658,0.9966666666666667,High
CUST000312,0.9966666666666667,High
CUST003539,0.9966666666666667,High
CUST006971,0.9966666666666667,High
CUST007858,0.9966666666666667,High
CUST006701,0.9966666666666667,High
CUST006670,0.9966666666666667,High
CUST000402,0.9966666666666667,High
CUST004694,0.9966666666666667,High
CUST002366,0.9966666666666667,High
CUST002302,0.9966666666666667,High
CUST003495,0.9966666666666667,High
CUST003476,0.9966666666666667,High
CUST003633,0.9966666666666667,High
CUST000300,0.9966666666666667,High
CUST000302,0.9966666666666667,High
CUST004930,0.9966666666666667,High
CUST001724,0.9966666666666667,High
CUST002863,0.9966666666666667,High
CUST000171,0.9966666666666667,High
CUST000141,0.9966666666666667,High
CUST002811,0.9966666666666667,High
CUST002878,0.9966666666666667,High
CUST002555,0.9966666666666667,High
CUST000767,0.9966666666666667,High
CUST007104,0.9966666666666667,High
CUST004011,0.9966666666666667,High
CUST007679,0.9966666666666667,High
CUST006766,0.9966666666666667,High
CUST007646,0.9966666666666667,High
CUST001082,0.9966666666666667,High
CUST003391,0.9966666666666667,High
CUST002359,0.9966666666666667,High
CUST000966,0.9966666666666667,High
CUST001897,0.9966666666666667,High
CUST001843,0.9966666666666667,High
CUST007404,0.9966666666666667,High
CUST004619,0.9966666666666667,High
CUST005083,0.9966666666666667,High
CUST003594,0.9966666666666667,High
CUST003559,0.9966666666666667,High
CUST006913,0.9966666666666667,High
CUST004797,0.9966666666666667,High
CUST001096,0.9966666666666667,High
CUST001066,0.9966666666666667,High
CUST007420,0.9966666666666667,High
CUST001747,0.9966666666666667,High
CUST002387,0.9966666666666667,High
CUST007236,0.9966666666666667,High
CUST007243,0.9966666666666667,High
CUST001828,0.9966666666666667,High
CUST004759,0.9966666666666667,High
CUST006636,0.9966666666666667,High
CUST002773,0.9966666666666667,High
CUST001007,0.9966666666666667,High
CUST002014,0.9966666666666667,High
CUST004244,0.9966666666666667,High
CUST005824,0.9966666666666667,High
CUST005753,0.9966666666666667,High
CUST001387,0.9966666666666667,High
CUST000809,0.9966666666666667,High
CUST000813,0.9966666666666667,High
CUST002859,0.9966666666666667,High
CUST003662,0.9966666666666667,High
CUST006943,0.9966666666666667,High
CUST007253,0.9966666666666667,High
CUST007943,0.9966666666666667,High
CUST005989,0.9966666666666667,High
CUST005957,0.9966666666666667,High
CUST006287,0.9966666666666667,High
CUST006113,0.9966666666666667,High
CUST000068,0.9966666666666667,High
CUST002835,0.9966666666666667,High
CUST000847,0.9966666666666667,High
CUST002128,0.9966666666666667,High
CUST007983,0.9966666666666667,High
CUST000025,0.9966666666666667,High
CUST001337,0.9966666666666667,High
CUST004075,0.9966666666666667,High
CUST002665,0.9933333333333333,High
CUST007200,0.9933333333333333,High
CUST001223,0.9933333333333333,High
CUST007597,0.9933333333333333,High
CUST006051,0.9933333333333333,High
CUST001185,0.9933333333333333,High
CUST007170,0.9933333333333333,High
CUST003647,0.9933333333333333,High
CUST001813,0.9933333333333333,High
CUST004754,0.9933333333333333,High
CUST007864,0.9933333333333333,High
CUST004743,0.9933333333333333,High
CUST004744,0.9933333333333333,High
CUST003778,0.9933333333333333,High
CUST004799,0.9933333333333333,High
CUST001094,0.9933333333333333,High
CUST001753,0.9933333333333333,High
CUST002420,0.9933333333333333,High
CUST000629,0.9933333333333333,High
CUST003723,0.9933333333333333,High
CUST004647,0.9933333333333333,High
CUST001890,0.9933333333333333,High
CUST001858,0.9933333333333333,High
CUST004625,0.9933333333333333,High
CUST007443,0.9933333333333333,High
CUST006583,0.9933333333333333,High
CUST000651,0.9933333333333333,High
CUST000914,0.9933333333333333,High
CUST002435,0.9933333333333333,High
CUST007220,0.9933333333333333,High
CUST004812,0.9933333333333333,High
CUST003632,0.9933333333333333,High
CUST004955,0.9933333333333333,High
CUST007647,0.9933333333333333,High
CUST007441,0.9933333333333333,High
CUST001683,0.9933333333333333,High
CUST001667,0.9933333333333333,High
CUST005157,0.9933333333333333,High
CUST005089,0.9933333333333333,High
CUST006564,0.9933333333333333,High
CUST003505,0.9933333333333333,High
CUST004699,0.9933333333333333,High
CUST003811,0.9933333333333333,High
CUST005212,0.9933333333333333,High
CUST005199,0.9933333333333333,High
CUST006541,0.9933333333333333,High
CUST005180,0.9933333333333333,High
CUST005318,0.9933333333333333,High
CUST002499,0.9933333333333333,High
CUST003446,0.9933333333333333,High
CUST006489,0.9933333333333333,High
CUST005289,0.9933333333333333,High
CUST006505,0.9933333333333333,High
CUST001931,0.9933333333333333,High
CUST004646,0.9933333333333333,High
CUST002271,0.9933333333333333,High
CUST000954,0.9933333333333333,High
CUST000960,0.9933333333333333,High
CUST002215,0.9933333333333333,High
CUST002219,0.9933333333333333,High
CUST007021,0.9933333333333333,High
CUST002529,0.9933333333333333,High
CUST007203,0.9933333333333333,High
CUST006480,0.9933333333333333,High
CUST001615,0.9933333333333333,High
CUST005487,0.9933333333333333,High
CUST005441,0.9933333333333333,High
CUST007013,0.9933333333333333,High
CUST003989,0.9933333333333333,High
CUST006733,0.9933333333333333,High
CUST004437,0.9933333333333333,High
CUST007669,0.9933333333333333,High
CUST001022,0.9933333333333333,High
CUST001962,0.9933333333333333,High
CUST002018,0.9933333333333333,High
CUST006419,0.9933333333333333,High
CUST001161,0.9933333333333333,High
CUST007494,0.9933333333333333,High
CUST003272,0.9933333333333333,High
CUST003216,0.9933333333333333,High
CUST003185,0.9933333333333333,High
CUST003385,0.9933333333333333,High
CUST003388,0.9933333333333333,High
CUST000187,0.9933333333333333,High
CUST000166,0.9933333333333333,High
CUST006750,0.9933333333333333,High
CUST004397,0.9933333333333333,High
CUST000493,0.9933333333333333,High
CUST000561,0.9933333333333333,High
CUST004040,0.9933333333333333,High
CUST006841,0.9933333333333333,High
CUST005678,0.9933333333333333,High
CUST005653,0.9933333333333333,High
CUST001465,0.9933333333333333,High
CUST007626,0.9933333333333333,High
CUST001151,0.9933333333333333,High
CUST007756,0.9933333333333333,High
CUST003131,0.9933333333333333,High
CUST007114,0.9933333333333333,High
CUST002629,0.9933333333333333,High
CUST002589,0.9933333333333333,High
CUST003033,0.9933333333333333,High
CUST003017,0.9933333333333333,High
CUST003171,0.9933333333333333,High
CUST005668,0.9933333333333333,High
CUST005671,0.9933333333333333,High
CUST004307,0.9933333333333333,High
CUST006774,0.9933333333333333,High
CUST000520,0.9933333333333333,High
CUST005813,0.9933333333333333,High
CUST005749,0.9933333333333333,High
CUST002964,0.9933333333333333,High
CUST002949,0.9933333333333333,High
CUST006368,0.9933333333333333,High
CUST007149,0.9933333333333333,High
CUST007564,0.9933333333333333,High
CUST005925,0.9933333333333333,High
CUST000111,0.9933333333333333,High
CUST005928,0.9933333333333333,High
CUST005931,0.9933333333333333,High
CUST006778,0.9933333333333333,High
CUST006789,0.9933333333333333,High
CUST004191,0.9933333333333333,High
CUST002087,0.9933333333333333,High
CUST006130,0.9933333333333333,High
CUST001271,0.9933333333333333,High
CUST000007,0.99,High
CUST005990,0.99,High
CUST006084,0.99,High
CUST006109,0.99,High
CUST007320,0.99,High
CUST007159,0.99,High
CUST000845,0.99,High
CUST007131,0.99,High
CUST001398,0.99,High
CUST007553,0.99,High
CUST001391,0.99,High
CUST004247,0.99,High
CUST007519,0.99,High
CUST000790,0.99,High
CUST004021,0.99,High
CUST002962,0.99,High
CUST006756,0.99,High
CUST001404,0.99,High
CUST002855,0.99,High
CUST003275,0.99,High
CUST002564,0.99,High
CUST003846,0.99,High
CUST006715,0.99,High
CUST001935,0.99,High
CUST000473,0.99,High
CUST006369,0.99,High
CUST005734,0.99,High
CUST006352,0.99,High
CUST002316,0.99,High
CUST001862,0.99,High
CUST004592,0.99,High
CUST006663,0.99,High
CUST003862,0.99,High
CUST000399,0.99,High
CUST002223,0.99,High
CUST002251,0.99,High
CUST000799,0.99,High
CUST000758,0.99,High
CUST001454,0.99,High
CUST003073,0.99,High
CUST003906,0.99,High
CUST000665,0.99,High
CUST007240,0.99,High
CUST003679,0.99,High
CUST004674,0.99,High
CUST006486,0.99,High
CUST006538,0.99,High
CUST000247,0.99,High
CUST000654,0.99,High
CUST000361,0.99,High
CUST003760,0.99,High
CUST003729,0.99,High
CUST005391,0.99,High
CUST003637,0.99,High
CUST004773,0.99,High
CUST006660,0.99,High
CUST003202,0.99,High
CUST000222,0.99,High
CUST000205,0.99,High
CUST005548,0.99,High
CUST006095,0.99,High
CUST006067,0.99,High
CUST006260,0.99,High
CUST007727,0.99,High
CUST004103,0.99,High
CUST006129,0.99,High
CUST004156,0.99,High
CUST006234,0.99,High
CUST000535,0.99,High
CUST000873,0.99,High
CUST000680,0.99,High
CUST000537,0.99,High
CUST002724,0.99,High
CUST003395,0.99,High
CUST007884,0.99,High
CUST001735,0.99,High
CUST000353,0.99,High
CUST004849,0.99,High
CUST006585,0.99,High
CUST004820,0.99,High
CUST003548,0.99,High
CUST000660,0.99,High
CUST006579,0.99,High
CUST000652,0.99,High
CUST007773,0.99,High
CUST007637,0.99,High
CUST001264,0.9866666666666667,High
CUST002821,0.9866666666666667,High
CUST001014,0.9866666666666667,High
CUST004201,0.9866666666666667,High
CUST004457,0.9866666666666667,High
CUST001397,0.9866666666666667,High
CUST003129,0.9866666666666667,High
CUST003128,0.9866666666666667,High
CUST002956,0.9866666666666667,High
CUST005862,0.9866666666666667,High
CUST005736,0.9866666666666667,High
CUST003818,0.9866666666666667,High
CUST003805,0.9866666666666667,High
CUST004590,0.9866666666666667,High
CUST002622,0.9866666666666667,High
CUST002899,0.9866666666666667,High
CUST000066,0.9866666666666667,High
CUST007188,0.9866666666666667,High
CUST005779,0.9866666666666667,High
CUST005593,0.9866666666666667,High
CUST007936,0.9866666666666667,High
CUST007867,0.9866666666666667,High
CUST003557,0.9866666666666667,High
CUST006483,0.9866666666666667,High
CUST006510,0.9866666666666667,High
CUST002485,0.9866666666666667,High
CUST005583,0.9866666666666667,High
CUST003167,0.9866666666666667,High
CUST002520,0.9866666666666667,High
CUST000317,0.9866666666666667,High
CUST000046,0.9866666666666667,High
CUST004866,0.9866666666666667,High
CUST004928,0.9866666666666667,High
CUST000669,0.9866666666666667,High
CUST004154,0.9866666666666667,High
CUST007186,0.9866666666666667,High
CUST006121,0.9866666666666667,High
CUST006066,0.9866666666666667,High
CUST007596,0.9833333333333333,High
CUST004989,0.9833333333333333,High
CUST001095,0.9833333333333333,High
CUST003649,0.9833333333333333,High
CUST001624,0.9833333333333333,High
CUST004655,0.9833333333333333,High
CUST007887,0.9833333333333333,High
CUST005156,0.9833333333333333,High
CUST004291,0.9833333333333333,High
CUST000558,0.9833333333333333,High
CUST000976,0.9833333333333333,High
CUST002830,0.9833333333333333,High
CUST006011,0.9833333333333333,High
CUST004232,0.9833333333333333,High
CUST003965,0.9833333333333333,High
CUST001877,0.9833333333333333,High
CUST006405,0.9833333333333333,High
CUST007911,0.9833333333333333,High
CUST005407,0.9833333333333333,High
CUST007196,0.9833333333333333,High
CUST003356,0.98,High
CUST000588,0.98,High
CUST002864,0.98,High
CUST004486,0.98,High
CUST002673,0.98,High
CUST000370,0.98,High
CUST002105,0.98,High
CUST001212,0.98,High
CUST007963,0.98,High
CUST001571,0.9766666666666667,High
CUST000854,0.9766666666666667,High
CUST002103,0.7133333333333334,High
CUST004377,0.7033333333333334,High
CUST004634,0.6466666666666666,High
CUST003436,0.6266666666666667,High
CUST007844,0.62,High
CUST001124,0.6166666666666667,High
CUST006518,0.6166666666666667,High
CUST003493,0.61,High
CUST004612,0.5733333333333334,High
CUST000228,0.57,High
CUST005839,0.5666666666666667,High
CUST006337,0.5666666666666667,High
CUST000173,0.5533333333333333,High
CUST006048,0.5433333333333333,High
CUST007826,0.5433333333333333,High
CUST002852,0.5333333333333333,High
CUST006647,0.53,High
CUST002802,0.53,High
CUST007083,0.53,High
CUST006840,0.5266666666666666,High
CUST006605,0.5266666666666666,High
CUST001802,0.5233333333333333,High
CUST007132,0.52,High
CUST007883,0.5133333333333333,High
CUST002746,0.5133333333333333,High
CUST000388,0.5,Medium
CUST007028,0.49666666666666665,Medium
CUST005418,0.49666666666666665,Medium
CUST005709,0.49666666666666665,Medium
CUST006759,0.49666666666666665,Medium
CUST002675,0.49333333333333335,Medium
CUST000532,0.49333333333333335,Medium
CUST002951,0.4866666666666667,Medium
CUST002627,0.48333333333333334,Medium
CUST000192,0.48333333333333334,Medium
CUST000345,0.4766666666666667,Medium
CUST000750,0.4766666666666667,Medium
CUST007560,0.4766666666666667,Medium
CUST002175,0.47333333333333333,Medium
CUST000182,0.47333333333333333,Medium
CUST001502,0.47,Medium
CUST001383,0.4666666666666667,Medium
CUST002689,0.4666666666666667,Medium
CUST002550,0.4633333333333333,Medium
CUST004303,0.45666666666666667,Medium
CUST002917,0.45666666666666667,Medium
CUST002834,0.4533333333333333,Medium
CUST004954,0.4533333333333333,Medium
CUST002626,0.45,Medium
CUST003096,0.45,Medium
CUST006557,0.44666666666666666,Medium
CUST001562,0.44666666666666666,Medium
CUST006493,0.44333333333333336,Medium
CUST007856,0.44333333333333336,Medium
CUST005447,0.44,Medium
CUST007011,0.44,Medium
CUST007583,0.43666666666666665,Medium
CUST006169,0.43666666666666665,Medium
CUST006265,0.43666666666666665,Medium
CUST002259,0.43333333333333335,Medium
CUST007456,0.43333333333333335,Medium
CUST003052,0.43333333333333335,Medium
CUST006251,0.43,Medium
CUST006711,0.4266666666666667,Medium
CUST006122,0.42333333333333334,Medium
CUST006229,0.42333333333333334,Medium
CUST001409,0.42333333333333334,Medium
CUST003032,0.42333333333333334,Medium
CUST004061,0.42333333333333334,Medium
CUST005475,0.42,Medium
CUST007075,0.4166666666666667,Medium
CUST002955,0.4166666666666667,Medium
CUST004848,0.4166666666666667,Medium
CUST003225,0.4166666666666667,Medium
CUST002815,0.4166666666666667,Medium
CUST004459,0.41333333333333333,Medium
CUST004174,0.41333333333333333,Medium
CUST005811,0.41333333333333333,Medium
CUST005500,0.41333333333333333,Medium
CUST002969,0.41333333333333333,Medium
CUST004350,0.41,Medium
CUST006620,0.41,Medium
CUST007667,0.41,Medium
CUST005832,0.4066666666666667,Medium
CUST003787,0.4066666666666667,Medium
CUST001861,0.4066666666666667,Medium
CUST003507,0.4066666666666667,Medium
CUST004455,0.4066666666666667,Medium
CUST001274,0.4033333333333333,Medium
CUST000165,0.4033333333333333,Medium
CUST005854,0.4,Medium
CUST003265,0.4,Medium
CUST005119,0.39666666666666667,Medium
CUST002595,0.3933333333333333,Medium
CUST007489,0.3933333333333333,Medium
CUST002676,0.3933333333333333,Medium
CUST003682,0.3933333333333333,Medium
CUST005024,0.3933333333333333,Medium
CUST004785,0.3933333333333333,Medium
CUST005310,0.3933333333333333,Medium
CUST003779,0.39,Medium
CUST001905,0.39,Medium
CUST002476,0.38666666666666666,Medium
CUST007894,0.38666666666666666,Medium
CUST004629,0.38666666666666666,Medium
CUST002514,0.38666666666666666,Medium
CUST001938,0.38333333333333336,Medium
CUST003414,0.38333333333333336,Medium
CUST002975,0.38333333333333336,Medium
CUST003975,0.38,Medium
CUST007411,0.38,Medium
CUST003384,0.38,Medium
CUST001732,0.37666666666666665,Medium
CUST002157,0.37666666666666665,Medium
CUST005984,0.37666666666666665,Medium
CUST001146,0.37666666666666665,Medium
CUST003479,0.37666666666666665,Medium
CUST003186,0.37666666666666665,Medium
CUST007397,0.37666666666666665,Medium
CUST005667,0.37666666666666665,Medium
CUST000995,0.37333333333333335,Medium
CUST006631,0.37333333333333335,Medium
CUST007247,0.37333333333333335,Medium
CUST004302,0.37333333333333335,Medium
CUST000149,0.37333333333333335,Medium
CUST004696,0.37333333333333335,Medium
CUST006308,0.37,Medium
CUST002374,0.37,Medium
CUST006987,0.37,Medium
CUST005831,0.37,Medium
CUST003543,0.36666666666666664,Medium
CUST003876,0.36666666666666664,Medium
CUST004188,0.36666666666666664,Medium
CUST000747,0.36333333333333334,Medium
CUST000718,0.36333333333333334,Medium
CUST001987,0.36333333333333334,Medium
CUST007992,0.36333333333333334,Medium
CUST002577,0.36,Medium
CUST005549,0.36,Medium
CUST007719,0.3566666666666667,Medium
CUST005615,0.3566666666666667,Medium
CUST005917,0.3566666666666667,Medium
CUST002889,0.3566666666666667,Medium
CUST007892,0.3566666666666667,Medium
CUST006947,0.3566666666666667,Medium
CUST004099,0.3566666666666667,Medium
CUST004228,0.3566666666666667,Medium
CUST000101,0.3566666666666667,Medium
CUST006444,0.35333333333333333,Medium
CUST000234,0.35333333333333333,Medium
CUST007623,0.35333333333333333,Medium
CUST003678,0.35333333333333333,Medium
CUST002462,0.35333333333333333,Medium
CUST001736,0.35,Medium
CUST003751,0.35,Medium
CUST007962,0.35,Medium
CUST007171,0.35,Medium
CUST003813,0.35,Medium
CUST006561,0.3466666666666667,Medium
CUST006955,0.3466666666666667,Medium
CUST006268,0.3466666666666667,Medium
CUST005610,0.3466666666666667,Medium
CUST007312,0.3466666666666667,Medium
CUST004311,0.3466666666666667,Medium
CUST001849,0.3466666666666667,Medium
CUST004652,0.3466666666666667,Medium
CUST002261,0.3466666666666667,Medium
CUST005724,0.3466666666666667,Medium
CUST002985,0.3433333333333333,Medium
CUST004376,0.3433333333333333,Medium
CUST001125,0.3433333333333333,Medium
CUST001587,0.3433333333333333,Medium
CUST007095,0.34,Medium
CUST000140,0.34,Medium
CUST002659,0.34,Medium
CUST006321,0.34,Medium
CUST006862,0.34,Medium
CUST004503,0.34,Medium
CUST004131,0.34,Medium
CUST004604,0.34,Medium
CUST001067,0.34,Medium
CUST004880,0.34,Medium
CUST001194,0.33666666666666667,Medium
CUST000281,0.33666666666666667,Medium
CUST000206,0.33666666666666667,Medium
CUST004739,0.33666666666666667,Medium
CUST007854,0.33666666666666667,Medium
CUST001968,0.33666666666666667,Medium
CUST007263,0.33666666666666667,Medium
CUST003904,0.33666666666666667,Medium
CUST006166,0.33666666666666667,Medium
CUST002137,0.3333333333333333,Medium
CUST000684,0.3333333333333333,Medium
CUST003429,0.3333333333333333,Medium
CUST003955,0.3333333333333333,Medium
CUST004794,0.3333333333333333,Medium
CUST005713,0.3333333333333333,Medium
CUST005680,0.3333333333333333,Medium
CUST003253,0.3333333333333333,Medium
CUST000922,0.33,Medium
CUST003951,0.33,Medium
CUST003867,0.33,Medium
CUST005707,0.33,Medium
CUST004734,0.33,Medium
CUST006059,0.33,Medium
CUST002728,0.33,Medium
CUST000688,0.33,Medium
CUST002726,0.33,Medium
CUST004597,0.33,Medium
CUST001878,0.32666666666666666,Medium
CUST006872,0.32666666666666666,Medium
CUST000209,0.32666666666666666,Medium
CUST007144,0.3233333333333333,Medium
CUST005699,0.3233333333333333,Medium
CUST000466,0.3233333333333333,Medium
CUST002538,0.3233333333333333,Medium
CUST004052,0.3233333333333333,Medium
CUST002211,0.3233333333333333,Medium
CUST004079,0.3233333333333333,Medium
CUST002210,0.3233333333333333,Medium
CUST002062,0.32,Medium
CUST007265,0.32,Medium
CUST001316,0.32,Medium
CUST002372,0.32,Medium
CUST000375,0.32,Medium
CUST004931,0.32,Medium
CUST003689,0.31666666666666665,Medium
CUST002658,0.31666666666666665,Medium
CUST000630,0.31666666666666665,Medium
CUST000018,0.31666666666666665,Medium
CUST002061,0.31666666666666665,Medium
CUST003803,0.31666666666666665,Medium
CUST007344,0.31666666666666665,Medium
CUST005522,0.31666666666666665,Medium
CUST006079,0.31333333333333335,Medium
CUST005519,0.31333333333333335,Medium
CUST007209,0.31333333333333335,Medium
CUST004599,0.31333333333333335,Medium
CUST000220,0.31333333333333335,Medium
CUST006372,0.31333333333333335,Medium
CUST003464,0.31333333333333335,Medium
CUST004176,0.31333333333333335,Medium
CUST004012,0.31333333333333335,Medium
CUST002177,0.31333333333333335,Medium
CUST001321,0.31333333333333335,Medium
CUST003488,0.31333333333333335,Medium
CUST000106,0.31333333333333335,Medium
CUST004250,0.31,Medium
CUST006355,0.31,Medium
CUST001996,0.31,Medium
CUST001992,0.31,Medium
CUST004339,0.31,Medium
CUST006242,0.31,Medium
CUST003712,0.31,Medium
CUST007979,0.31,Medium
CUST003886,0.31,Medium
CUST001169,0.31,Medium
CUST004750,0.31,Medium
CUST004940,0.31,Medium
CUST007410,0.31,Medium
CUST006398,0.31,Medium
CUST002827,0.31,Medium
CUST001604,0.31,Medium
CUST004315,0.30666666666666664,Medium
CUST004123,0.30666666666666664,Medium
CUST003465,0.30666666666666664,Medium
CUST007712,0.30666666666666664,Medium
CUST005758,0.30666666666666664,Medium
CUST005451,0.30666666666666664,Medium
CUST000323,0.30666666666666664,Medium
CUST007368,0.30666666666666664,Medium
CUST001740,0.30666666666666664,Medium
CUST000389,0.30333333333333334,Medium
CUST004494,0.30333333333333334,Medium
CUST001040,0.30333333333333334,Medium
CUST001698,0.30333333333333334,Medium
CUST007130,0.30333333333333334,Medium
CUST005175,0.30333333333333334,Medium
CUST005427,0.30333333333333334,Medium
CUST006427,0.30333333333333334,Medium
CUST000986,0.30333333333333334,Medium
CUST006803,0.30333333333333334,Medium
CUST003743,0.3,Medium
CUST000024,0.3,Medium
CUST000022,0.3,Medium
CUST000913,0.3,Medium
CUST004261,0.3,Medium
CUST004049,0.3,Medium
CUST005121,0.3,Medium
CUST004542,0.3,Medium
CUST005094,0.3,Medium
CUST005125,0.3,Medium
CUST000396,0.3,Medium
CUST003152,0.3,Medium
CUST002819,0.3,Medium
CUST000266,0.3,Medium
CUST000502,0.3,Medium
CUST001260,0.3,Medium
CUST007612,0.3,Medium
CUST003730,0.3,Medium
CUST002414,0.2966666666666667,Medium
CUST004378,0.2966666666666667,Medium
CUST006772,0.2966666666666667,Medium
CUST002178,0.2966666666666667,Medium
CUST003148,0.2966666666666667,Medium
CUST005997,0.2966666666666667,Medium
CUST007225,0.2966666666666667,Medium
CUST003480,0.2966666666666667,Medium
CUST002294,0.2966666666666667,Medium
CUST002301,0.2966666666666667,Medium
CUST004280,0.2966666666666667,Medium
CUST002812,0.2966666666666667,Medium
CUST005564,0.2966666666666667,Medium
CUST003242,0.2966666666666667,Medium
CUST007216,0.2966666666666667,Medium
CUST001982,0.2966666666666667,Medium
CUST004498,0.2966666666666667,Medium
CUST007079,0.2966666666666667,Medium
CUST000005,0.29333333333333333,Medium
CUST004121,0.29333333333333333,Medium
CUST001272,0.29333333333333333,Medium
CUST001403,0.29333333333333333,Medium
CUST000888,0.29333333333333333,Medium
CUST007517,0.29333333333333333,Medium
CUST001552,0.29333333333333333,Medium
CUST001599,0.29333333333333333,Medium
CUST001554,0.29333333333333333,Medium
CUST007910,0.29333333333333333,Medium
CUST005665,0.29333333333333333,Medium
CUST002570,0.29333333333333333,Medium
CUST007274,0.29333333333333333,Medium
CUST002490,0.29333333333333333,Medium
CUST005630,0.29,Medium
CUST002877,0.29,Medium
CUST005350,0.29,Medium
CUST000168,0.29,Medium
CUST005137,0.29,Medium
CUST002614,0.29,Medium
CUST001727,0.29,Medium
CUST005308,0.29,Medium
CUST004559,0.29,Medium
CUST004835,0.29,Medium
CUST004693,0.29,Medium
CUST004727,0.29,Medium
CUST005694,0.29,Medium
CUST002620,0.29,Medium
CUST000016,0.29,Medium
CUST003761,0.29,Medium
CUST000699,0.29,Medium
CUST007324,0.29,Medium
CUST002902,0.29,Medium
CUST006747,0.2866666666666667,Medium
CUST002995,0.2866666666666667,Medium
CUST007920,0.2866666666666667,Medium
CUST001909,0.2866666666666667,Medium
CUST004517,0.2866666666666667,Medium
CUST006575,0.2866666666666667,Medium
CUST006741,0.2866666666666667,Medium
CUST000189,0.2866666666666667,Medium
CUST004998,0.2866666666666667,Medium
CUST006083,0.2866666666666667,Medium
CUST000079,0.2866666666666667,Medium
CUST001166,0.2833333333333333,Medium
CUST001312,0.2833333333333333,Medium
CUST006340,0.2833333333333333,Medium
CUST003112,0.2833333333333333,Medium
CUST004884,0.2833333333333333,Medium
CUST002905,0.2833333333333333,Medium
CUST002706,0.2833333333333333,Medium
CUST000077,0.2833333333333333,Medium
CUST005879,0.2833333333333333,Medium
CUST002455,0.2833333333333333,Medium
CUST004198,0.2833333333333333,Medium
CUST000624,0.2833333333333333,Medium
CUST006147,0.2833333333333333,Medium
CUST000840,0.2833333333333333,Medium
CUST004816,0.2833333333333333,Medium
CUST004566,0.2833333333333333,Medium
CUST004588,0.2833333333333333,Medium
CUST006875,0.2833333333333333,Medium
CUST003490,0.2833333333333333,Medium
CUST003985,0.2833333333333333,Medium
CUST004175,0.28,Medium
CUST001255,0.28,Medium
CUST006358,0.28,Medium
CUST001457,0.28,Medium
CUST005485,0.28,Medium
CUST002856,0.28,Medium
CUST004802,0.28,Medium
CUST001135,0.28,Medium
CUST004719,0.28,Medium
CUST004993,0.28,Medium
CUST006928,0.28,Medium
CUST000097,0.28,Medium
CUST004051,0.28,Medium
CUST007663,0.28,Medium
CUST004616,0.28,Medium
CUST004600,0.28,Medium
CUST001220,0.27666666666666667,Medium
CUST006007,0.27666666666666667,Medium
CUST003512,0.27666666666666667,Medium
CUST004293,0.27666666666666667,Medium
CUST002373,0.27666666666666667,Medium
CUST003872,0.27666666666666667,Medium
CUST007266,0.27666666666666667,Medium
CUST000959,0.27666666666666667,Medium
CUST001072,0.27666666666666667,Medium
CUST004710,0.27666666666666667,Medium
CUST003307,0.27666666666666667,Medium
CUST007422,0.27666666666666667,Medium
CUST001591,0.27666666666666667,Medium
CUST000233,0.27666666666666667,Medium
CUST001592,0.27666666666666667,Medium
CUST005252,0.27666666666666667,Medium
CUST002642,0.27666666666666667,Medium
CUST001439,0.27666666666666667,Medium
CUST004618,0.2733333333333333,Medium
CUST007588,0.2733333333333333,Medium
CUST004987,0.2733333333333333,Medium
CUST006552,0.2733333333333333,Medium
CUST005486,0.2733333333333333,Medium
CUST001788,0.2733333333333333,Medium
CUST006954,0.2733333333333333,Medium
CUST003600,0.2733333333333333,Medium
CUST001413,0.2733333333333333,Medium
CUST006032,0.2733333333333333,Medium
CUST002723,0.2733333333333333,Medium
CUST001280,0.2733333333333333,Medium
CUST002406,0.27,Medium
CUST004265,0.27,Medium
CUST007374,0.27,Medium
CUST001967,0.27,Medium
CUST007831,0.27,Medium
CUST000364,0.27,Medium
CUST007347,0.27,Medium
CUST000350,0.27,Medium
CUST000403,0.27,Medium
CUST004407,0.27,Medium
CUST007056,0.27,Medium
CUST003243,0.27,Medium
CUST002999,0.27,Medium
CUST002854,0.27,Medium
CUST003775,0.27,Medium
CUST005359,0.27,Medium
CUST007790,0.27,Medium
CUST003753,0.27,Medium
CUST000200,0.27,Medium
CUST000703,0.27,Medium
CUST002947,0.27,Medium
CUST004985,0.26666666666666666,Medium
CUST006751,0.26666666666666666,Medium
CUST002416,0.26666666666666666,Medium
CUST004553,0.26666666666666666,Medium
CUST004550,0.26666666666666666,Medium
CUST005036,0.26666666666666666,Medium
CUST005073,0.26666666666666666,Medium
CUST005021,0.26666666666666666,Medium
CUST001053,0.26666666666666666,Medium
CUST001786,0.26666666666666666,Medium
CUST007900,0.26666666666666666,Medium
CUST000277,0.26666666666666666,Medium
CUST006863,0.26666666666666666,Medium
CUST002786,0.26666666666666666,Medium
CUST005314,0.26666666666666666,Medium
CUST005205,0.26666666666666666,Medium
CUST005712,0.26666666666666666,Medium
CUST002860,0.26666666666666666,Medium
CUST001323,0.26666666666666666,Medium
CUST003034,0.26666666666666666,Medium
CUST007057,0.26666666666666666,Medium
CUST003884,0.2633333333333333,Medium
CUST001633,0.2633333333333333,Medium
CUST005100,0.2633333333333333,Medium
CUST004651,0.2633333333333333,Medium
CUST005285,0.2633333333333333,Medium
CUST001686,0.2633333333333333,Medium
CUST002460,0.2633333333333333,Medium
CUST001476,0.2633333333333333,Medium
CUST006106,0.2633333333333333,Medium
CUST004111,0.2633333333333333,Medium
CUST004116,0.2633333333333333,Medium
CUST004706,0.2633333333333333,Medium
CUST007490,0.2633333333333333,Medium
CUST007207,0.2633333333333333,Medium
CUST003634,0.2633333333333333,Medium
CUST007819,0.2633333333333333,Medium
CUST005046,0.2633333333333333,Medium
CUST005943,0.2633333333333333,Medium
CUST003270,0.2633333333333333,Medium
CUST001250,0.2633333333333333,Medium
CUST000950,0.2633333333333333,Medium
CUST001394,0.2633333333333333,Medium
CUST005332,0.2633333333333333,Medium
CUST003839,0.2633333333333333,Medium
CUST002042,0.2633333333333333,Medium
CUST005313,0.26,Medium
CUST003085,0.26,Medium
CUST001501,0.26,Medium
CUST004398,0.26,Medium
CUST005298,0.26,Medium
CUST001797,0.26,Medium
CUST004432,0.26,Medium
CUST002803,0.26,Medium
CUST006428,0.26,Medium
CUST003585,0.26,Medium
CUST002644,0.26,Medium
CUST003954,0.26,Medium
CUST006448,0.26,Medium
CUST001470,0.26,Medium
CUST007212,0.26,Medium
CUST003051,0.26,Medium
CUST003492,0.26,Medium
CUST006273,0.26,Medium
CUST005507,0.25666666666666665,Medium
CUST002313,0.25666666666666665,Medium
CUST002284,0.25666666666666665,Medium
CUST006115,0.25666666666666665,Medium
CUST002918,0.25666666666666665,Medium
CUST003122,0.25666666666666665,Medium
CUST006280,0.25666666666666665,Medium
CUST007830,0.25666666666666665,Medium
CUST004171,0.25666666666666665,Medium
CUST004801,0.25666666666666665,Medium
CUST005841,0.25666666666666665,Medium
CUST005044,0.25666666666666665,Medium
CUST005482,0.25666666666666665,Medium
CUST003376,0.25666666666666665,Medium
CUST006283,0.25666666666666665,Medium
CUST007808,0.25666666666666665,Medium
CUST006400,0.25666666666666665,Medium
CUST005623,0.25666666666666665,Medium
CUST001231,0.25333333333333335,Medium
CUST003142,0.25333333333333335,Medium
CUST004589,0.25333333333333335,Medium
CUST007573,0.25333333333333335,Medium
CUST005556,0.25333333333333335,Medium
CUST000339,0.25333333333333335,Medium
CUST001253,0.25333333333333335,Medium
CUST002544,0.25333333333333335,Medium
CUST006929,0.25333333333333335,Medium
CUST002771,0.25333333333333335,Medium
CUST005575,0.25333333333333335,Medium
CUST003229,0.25333333333333335,Medium
CUST002242,0.25333333333333335,Medium
CUST005739,0.25333333333333335,Medium
CUST000372,0.25333333333333335,Medium
CUST002049,0.25333333333333335,Medium
CUST002456,0.25333333333333335,Medium
CUST002096,0.25333333333333335,Medium
CUST004322,0.25333333333333335,Medium
CUST006659,0.25333333333333335,Medium
CUST004819,0.25333333333333335,Medium
CUST004359,0.25333333333333335,Medium
CUST004100,0.25333333333333335,Medium
CUST003363,0.25333333333333335,Medium
CUST000483,0.25333333333333335,Medium
CUST006721,0.25333333333333335,Medium
CUST004630,0.25333333333333335,Medium
CUST005904,0.25333333333333335,Medium
CUST003003,0.25333333333333335,Medium
CUST003988,0.25333333333333335,Medium
CUST007643,0.25,Medium
CUST003157,0.25,Medium
CUST005237,0.25,Medium
CUST007787,0.25,Medium
CUST006494,0.25,Medium
CUST002169,0.25,Medium
CUST005057,0.25,Medium
CUST000729,0.25,Medium
CUST002319,0.25,Medium
CUST001933,0.25,Medium
CUST004088,0.25,Medium
CUST001285,0.25,Medium
CUST007557,0.25,Medium
CUST003477,0.25,Medium
CUST007982,0.25,Medium
CUST000988,0.25,Medium
CUST006588,0.25,Medium
CUST002397,0.25,Medium
CUST004877,0.25,Medium
CUST005458,0.25,Medium
CUST007140,0.25,Medium
CUST000163,0.25,Medium
CUST005267,0.24666666666666667,Medium
CUST006695,0.24666666666666667,Medium
CUST006457,0.24666666666666667,Medium
CUST007392,0.24666666666666667,Medium
CUST003976,0.24666666666666667,Medium
CUST004039,0.24666666666666667,Medium
CUST005566,0.24666666666666667,Medium
CUST006553,0.24666666666666667,Medium
CUST005369,0.24666666666666667,Medium
CUST002189,0.24666666666666667,Medium
CUST002768,0.24666666666666667,Medium
CUST005617,0.24666666666666667,Medium
CUST003347,0.24666666666666667,Medium
CUST003416,0.24666666666666667,Medium
CUST001499,0.24666666666666667,Medium
CUST003156,0.24666666666666667,Medium
CUST004977,0.24666666666666667,Medium
CUST005662,0.24666666666666667,Medium
CUST004173,0.24666666666666667,Medium
CUST003437,0.24666666666666667,Medium
CUST005309,0.24666666666666667,Medium
CUST000953,0.24333333333333335,Medium
CUST002270,0.24333333333333335,Medium
CUST002930,0.24333333333333335,Medium
CUST005789,0.24333333333333335,Medium
CUST004209,0.24333333333333335,Medium
CUST007222,0.24333333333333335,Medium
CUST002028,0.24333333333333335,Medium
CUST003435,0.24333333333333335,Medium
CUST006646,0.24333333333333335,Medium
CUST001917,0.24333333333333335,Medium
CUST002549,0.24333333333333335,Medium
CUST003155,0.24333333333333335,Medium
CUST000784,0.24333333333333335,Medium
CUST003428,0.24333333333333335,Medium
CUST000507,0.24333333333333335,Medium
CUST006435,0.24333333333333335,Medium
CUST003266,0.24333333333333335,Medium
CUST001281,0.24333333333333335,Medium
CUST007797,0.24333333333333335,Medium
CUST001059,0.24333333333333335,Medium
CUST002736,0.24333333333333335,Medium
CUST006037,0.24333333333333335,Medium
CUST001868,0.24333333333333335,Medium
CUST000252,0.24333333333333335,Medium
CUST005223,0.24333333333333335,Medium
CUST004705,0.24333333333333335,Medium
CUST004411,0.24333333333333335,Medium
CUST000587,0.24333333333333335,Medium
CUST002561,0.24333333333333335,Medium
CUST000805,0.24,Medium
CUST000918,0.24,Medium
CUST002329,0.24,Medium
CUST003992,0.24,Medium
CUST002433,0.24,Medium
CUST006640,0.24,Medium
CUST006962,0.24,Medium
CUST000391,0.24,Medium
CUST004333,0.24,Medium
CUST006088,0.24,Medium
CUST007335,0.24,Medium
CUST001098,0.24,Medium
CUST001707,0.24,Medium
CUST003881,0.24,Medium
CUST007603,0.24,Medium
CUST001333,0.24,Medium
CUST007609,0.24,Medium
CUST002179,0.24,Medium
CUST006139,0.24,Medium
CUST003810,0.24,Medium
CUST001903,0.24,Medium
CUST007181,0.24,Medium
CUST002797,0.24,Medium
CUST002563,0.24,Medium
CUST000306,0.23666666666666666,Medium
CUST004045,0.23666666666666666,Medium
CUST000476,0.23666666666666666,Medium
CUST007227,0.23666666666666666,Medium
CUST006604,0.23666666666666666,Medium
CUST002072,0.23666666666666666,Medium
CUST004555,0.23666666666666666,Medium
CUST003579,0.23666666666666666,Medium
CUST000230,0.23666666666666666,Medium
CUST000194,0.23666666666666666,Medium
CUST007524,0.23666666666666666,Medium
CUST000469,0.23666666666666666,Medium
CUST000931,0.23666666666666666,Medium
CUST005279,0.23666666666666666,Medium
CUST007182,0.23666666666666666,Medium
CUST003939,0.23666666666666666,Medium
CUST006926,0.23666666666666666,Medium
CUST000015,0.23666666666666666,Medium
CUST002971,0.23666666666666666,Medium
CUST006547,0.23666666666666666,Medium
CUST005463,0.23666666666666666,Medium
CUST003732,0.23666666666666666,Medium
CUST001303,0.23666666666666666,Medium
CUST006431,0.23666666666666666,Medium
CUST004700,0.23666666666666666,Medium
CUST003946,0.23666666666666666,Medium
CUST002265,0.23666666666666666,Medium
CUST002672,0.23333333333333334,Medium
CUST001079,0.23333333333333334,Medium
CUST006902,0.23333333333333334,Medium
CUST001874,0.23333333333333334,Medium
CUST002580,0.23333333333333334,Medium
CUST000427,0.23333333333333334,Medium
CUST005152,0.23333333333333334,Medium
CUST002643,0.23333333333333334,Medium
CUST005379,0.23333333333333334,Medium
CUST007054,0.23333333333333334,Medium
CUST005364,0.23333333333333334,Medium
CUST007468,0.23333333333333334,Medium
CUST000309,0.23333333333333334,Medium
CUST003757,0.23333333333333334,Medium
CUST005215,0.23333333333333334,Medium
CUST002389,0.23333333333333334,Medium
CUST006966,0.23333333333333334,Medium
CUST002278,0.23333333333333334,Medium
CUST002143,0.23333333333333334,Medium
CUST006975,0.23333333333333334,Medium
CUST007548,0.23333333333333334,Medium
CUST007113,0.23333333333333334,Medium
CUST006782,0.23333333333333334,Medium
CUST005748,0.23333333333333334,Medium
CUST005763,0.23333333333333334,Medium
CUST006116,0.23333333333333334,Medium
CUST006764,0.23333333333333334,Medium
CUST004236,0.23333333333333334,Medium
CUST002126,0.23,Medium
CUST002534,0.23,Medium
CUST000991,0.23,Medium
CUST006178,0.23,Medium
CUST002661,0.23,Medium
CUST005397,0.23,Medium
CUST002721,0.23,Medium
CUST003967,0.23,Medium
CUST003256,0.23,Medium
CUST006000,0.23,Medium
CUST003145,0.23,Medium
CUST001695,0.23,Medium
CUST001826,0.23,Medium
CUST002734,0.23,Medium
CUST002346,0.23,Medium
CUST007327,0.23,Medium
CUST000363,0.23,Medium
CUST005343,0.23,Medium
CUST000048,0.23,Medium
CUST003432,0.23,Medium
CUST004941,0.23,Medium
CUST003373,0.23,Medium
CUST005697,0.23,Medium
CUST007148,0.23,Medium
CUST003567,0.23,Medium
CUST007529,0.23,Medium
CUST001421,0.23,Medium
CUST001568,0.23,Medium
CUST004177,0.23,Medium
CUST005740,0.23,Medium
CUST003108,0.23,Medium
CUST000153,0.23,Medium
CUST004481,0.23,Medium
CUST005877,0.23,Medium
CUST002139,0.23,Medium
CUST006288,0.22666666666666666,Medium
CUST004712,0.22666666666666666,Medium
CUST002807,0.22666666666666666,Medium
CUST007885,0.22666666666666666,Medium
CUST006662,0.22666666666666666,Medium
CUST004988,0.22666666666666666,Medium
CUST005356,0.22666666666666666,Medium
CUST004945,0.22666666666666666,Medium
CUST000560,0.22666666666666666,Medium
CUST002513,0.22666666666666666,Medium
CUST001946,0.22666666666666666,Medium
CUST006972,0.22666666666666666,Medium
CUST003880,0.22666666666666666,Medium
CUST002705,0.22666666666666666,Medium
CUST001186,0.22666666666666666,Medium
CUST006277,0.22666666666666666,Medium
CUST001680,0.22666666666666666,Medium
CUST003918,0.22666666666666666,Medium
CUST007297,0.22666666666666666,Medium
CUST003195,0.22666666666666666,Medium
CUST003102,0.22666666666666666,Medium
CUST005097,0.22666666666666666,Medium
CUST001130,0.22666666666666666,Medium
CUST004422,0.22666666666666666,Medium
CUST001548,0.22333333333333333,Medium
CUST000929,0.22333333333333333,Medium
CUST004520,0.22333333333333333,Medium
CUST006151,0.22333333333333333,Medium
CUST004953,0.22333333333333333,Medium
CUST000970,0.22333333333333333,Medium
CUST005894,0.22333333333333333,Medium
CUST007307,0.22333333333333333,Medium
CUST002166,0.22333333333333333,Medium
CUST001308,0.22333333333333333,Medium
CUST003916,0.22333333333333333,Medium
CUST006024,0.22333333333333333,Medium
CUST006128,0.22333333333333333,Medium
CUST004408,0.22333333333333333,Medium
CUST003019,0.22333333333333333,Medium
CUST005239,0.22333333333333333,Medium
CUST004707,0.22333333333333333,Medium
CUST004458,0.22333333333333333,Medium
CUST003616,0.22333333333333333,Medium
CUST002160,0.22333333333333333,Medium
CUST001622,0.22333333333333333,Medium
CUST001810,0.22333333333333333,Medium
CUST006551,0.22333333333333333,Medium
CUST006861,0.22333333333333333,Medium
CUST004400,0.22333333333333333,Medium
CUST007731,0.22333333333333333,Medium
CUST004815,0.22333333333333333,Medium
CUST000216,0.22333333333333333,Medium
CUST005690,0.22333333333333333,Medium
CUST004273,0.22333333333333333,Medium
CUST003418,0.22333333333333333,Medium
CUST005626,0.22333333333333333,Medium
CUST002977,0.22333333333333333,Medium
CUST006936,0.22333333333333333,Medium
CUST005624,0.22333333333333333,Medium
CUST004840,0.22,Medium
CUST005340,0.22,Medium
CUST000752,0.22,Medium
CUST001143,0.22,Medium
CUST006379,0.22,Medium
CUST007157,0.22,Medium
CUST002548,0.22,Medium
CUST007139,0.22,Medium
CUST004144,0.22,Medium
CUST001517,0.22,Medium
CUST007781,0.22,Medium
CUST004132,0.22,Medium
CUST000136,0.22,Medium
CUST002428,0.22,Medium
CUST007929,0.22,Medium
CUST004963,0.22,Medium
CUST007981,0.22,Medium
CUST000926,0.22,Medium
CUST007108,0.22,Medium
CUST003278,0.22,Medium
CUST001174,0.22,Medium
CUST003659,0.22,Medium
CUST003702,0.22,Medium
CUST001118,0.22,Medium
CUST004034,0.22,Medium
CUST002159,0.22,Medium
CUST000907,0.22,Medium
CUST001371,0.22,Medium
CUST006031,0.22,Medium
CUST003808,0.22,Medium
CUST006482,0.22,Medium
CUST005408,0.22,Medium
CUST003915,0.22,Medium
CUST006512,0.22,Medium
CUST002715,0.22,Medium
CUST000080,0.22,Medium
CUST000020,0.22,Medium
CUST007328,0.21666666666666667,Medium
CUST005505,0.21666666666666667,Medium
CUST006430,0.21666666666666667,Medium
CUST000407,0.21666666666666667,Medium
CUST002273,0.21666666666666667,Medium
CUST003228,0.21666666666666667,Medium
CUST006276,0.21666666666666667,Medium
CUST006105,0.21666666666666667,Medium
CUST001172,0.21666666666666667,Medium
CUST006396,0.21666666666666667,Medium
CUST001578,0.21666666666666667,Medium
CUST001832,0.21666666666666667,Medium
CUST001487,0.21666666666666667,Medium
CUST005642,0.21666666666666667,Medium
CUST000679,0.21666666666666667,Medium
CUST003311,0.21666666666666667,Medium
CUST001898,0.21666666666666667,Medium
CUST006981,0.21666666666666667,Medium
CUST001503,0.21666666666666667,Medium
CUST001478,0.21666666666666667,Medium
CUST001498,0.21666666666666667,Medium
CUST005869,0.21666666666666667,Medium
CUST002170,0.21666666666666667,Medium
CUST005836,0.21666666666666667,Medium
CUST005335,0.21333333333333335,Medium
CUST000515,0.21333333333333335,Medium
CUST005802,0.21333333333333335,Medium
CUST002800,0.21333333333333335,Medium
CUST004117,0.21333333333333335,Medium
CUST003517,0.21333333333333335,Medium
CUST002528,0.21333333333333335,Medium
CUST007019,0.21333333333333335,Medium
CUST001375,0.21333333333333335,Medium
CUST007543,0.21333333333333335,Medium
CUST005867,0.21333333333333335,Medium
CUST000316,0.21333333333333335,Medium
CUST006426,0.21333333333333335,Medium
CUST000008,0.21333333333333335,Medium
CUST000989,0.21333333333333335,Medium
CUST004373,0.21333333333333335,Medium
CUST000658,0.21333333333333335,Medium
CUST007738,0.21333333333333335,Medium
CUST004003,0.21333333333333335,Medium
CUST006719,0.21333333333333335,Medium
CUST000294,0.21333333333333335,Medium
CUST007418,0.21333333333333335,Medium
CUST005366,0.21333333333333335,Medium
CUST006474,0.21333333333333335,Medium
CUST007640,0.21333333333333335,Medium
CUST003784,0.21333333333333335,Medium
CUST003700,0.21333333333333335,Medium
CUST006517,0.21333333333333335,Medium
CUST003149,0.21333333333333335,Medium
CUST003451,0.21333333333333335,Medium
CUST000542,0.21333333333333335,Medium
CUST000494,0.21333333333333335,Medium
CUST005747,0.21333333333333335,Medium
CUST004946,0.21333333333333335,Medium
CUST004270,0.21333333333333335,Medium
CUST003986,0.21333333333333335,Medium
CUST001794,0.21333333333333335,Medium
CUST007117,0.21333333333333335,Medium
CUST004318,0.21333333333333335,Medium
CUST000244,0.21333333333333335,Medium
CUST003974,0.21333333333333335,Medium
CUST003738,0.21333333333333335,Medium
CUST006705,0.21,Medium
CUST007923,0.21,Medium
CUST000625,0.21,Medium
CUST005274,0.21,Medium
CUST004898,0.21,Medium
CUST000599,0.21,Medium
CUST004624,0.21,Medium
CUST001679,0.21,Medium
CUST003823,0.21,Medium
CUST007515,0.21,Medium
CUST004565,0.21,Medium
CUST006278,0.21,Medium
CUST000086,0.21,Medium
CUST000064,0.21,Medium
CUST000659,0.21,Medium
CUST005068,0.21,Medium
CUST005543,0.21,Medium
CUST005174,0.21,Medium
CUST007294,0.21,Medium
CUST003176,0.21,Medium
CUST007172,0.21,Medium
CUST004466,0.21,Medium
CUST006725,0.21,Medium
CUST000458,0.21,Medium
CUST001033,0.21,Medium
CUST000286,0.21,Medium
CUST007173,0.21,Medium
CUST001497,0.21,Medium
CUST001257,0.21,Medium
CUST004118,0.21,Medium
CUST006370,0.21,Medium
CUST006495,0.21,Medium
CUST004473,0.21,Medium
CUST004399,0.21,Medium
CUST002326,0.21,Medium
CUST002973,0.21,Medium
CUST002149,0.21,Medium
CUST002151,0.21,Medium
CUST004342,0.21,Medium
CUST007023,0.21,Medium
CUST006163,0.20666666666666667,Medium
CUST003868,0.20666666666666667,Medium
CUST001335,0.20666666666666667,Medium
CUST003780,0.20666666666666667,Medium
CUST001760,0.20666666666666667,Medium
CUST000265,0.20666666666666667,Medium
CUST002914,0.20666666666666667,Medium
CUST003415,0.20666666666666667,Medium
CUST003821,0.20666666666666667,Medium
CUST002423,0.20666666666666667,Medium
CUST004253,0.20666666666666667,Medium
CUST002007,0.20666666666666667,Medium
CUST001791,0.20666666666666667,Medium
CUST000356,0.20666666666666667,Medium
CUST003497,0.20666666666666667,Medium
CUST004692,0.20666666666666667,Medium
CUST004691,0.20666666666666667,Medium
CUST002632,0.20666666666666667,Medium
CUST001100,0.20666666666666667,Medium
CUST007722,0.20666666666666667,Medium
CUST003023,0.20666666666666667,Medium
CUST001025,0.20666666666666667,Medium
CUST007291,0.20666666666666667,Medium
CUST004991,0.20666666666666667,Medium
CUST004114,0.20666666666666667,Medium
CUST004213,0.20666666666666667,Medium
CUST000928,0.20666666666666667,Medium
CUST005295,0.20666666666666667,Medium
CUST007120,0.20666666666666667,Medium
CUST007239,0.20666666666666667,Medium
CUST005666,0.20666666666666667,Medium
CUST001249,0.20666666666666667,Medium
CUST006282,0.20666666666666667,Medium
CUST003279,0.20666666666666667,Medium
CUST003319,0.20666666666666667,Medium
CUST001251,0.20666666666666667,Medium
CUST006087,0.20666666666666667,Medium
CUST005627,0.20666666666666667,Medium
CUST004763,0.20666666666666667,Medium
CUST001586,0.20666666666666667,Medium
CUST005127,0.20666666666666667,Medium
CUST004386,0.20666666666666667,Medium
CUST002824,0.20666666666666667,Medium
CUST006413,0.20666666666666667,Medium
CUST000109,0.20666666666666667,Medium
CUST006023,0.20666666666666667,Medium
CUST006699,0.20666666666666667,Medium
CUST003009,0.20666666666666667,Medium
CUST000011,0.20666666666666667,Medium
CUST007977,0.20333333333333334,Medium
CUST000002,0.20333333333333334,Medium
CUST005591,0.20333333333333334,Medium
CUST007150,0.20333333333333334,Medium
CUST006703,0.20333333333333334,Medium
CUST006227,0.20333333333333334,Medium
CUST003048,0.20333333333333334,Medium
CUST006737,0.20333333333333334,Medium
CUST000348,0.20333333333333334,Medium
CUST006073,0.20333333333333334,Medium
CUST002848,0.20333333333333334,Medium
CUST003584,0.20333333333333334,Medium
CUST007384,0.20333333333333334,Medium
CUST006555,0.20333333333333334,Medium
CUST007094,0.20333333333333334,Medium
CUST006091,0.20333333333333334,Medium
CUST006315,0.20333333333333334,Medium
CUST001290,0.20333333333333334,Medium
CUST006653,0.20333333333333334,Medium
CUST006795,0.20333333333333334,Medium
CUST002752,0.20333333333333334,Medium
CUST007973,0.20333333333333334,Medium
CUST002191,0.20333333333333334,Medium
CUST003002,0.20333333333333334,Medium
CUST003920,0.20333333333333334,Medium
CUST005855,0.20333333333333334,Medium
CUST001091,0.20333333333333334,Medium
CUST006886,0.20333333333333334,Medium
CUST001766,0.20333333333333334,Medium
CUST000293,0.20333333333333334,Medium
CUST006591,0.20333333333333334,Medium
CUST005234,0.20333333333333334,Medium
CUST002050,0.2,Low
CUST005337,0.2,Low
CUST007971,0.2,Low
CUST003411,0.2,Low
CUST000235,0.2,Low
CUST000229,0.2,Low
CUST000254,0.2,Low
CUST004751,0.2,Low
CUST003332,0.2,Low
CUST006570,0.2,Low
CUST003503,0.2,Low
CUST006450,0.2,Low
CUST004438,0.2,Low
CUST000883,0.2,Low
CUST000123,0.2,Low
CUST004927,0.2,Low
CUST004873,0.2,Low
CUST004405,0.2,Low
CUST007237,0.2,Low
CUST000545,0.2,Low
CUST005979,0.2,Low
CUST001876,0.2,Low
CUST005525,0.2,Low
CUST007502,0.2,Low
CUST006402,0.2,Low
CUST006537,0.2,Low
CUST007481,0.2,Low
CUST001852,0.2,Low
CUST005208,0.2,Low
CUST005204,0.2,Low
CUST004043,0.2,Low
CUST007709,0.2,Low
CUST001904,0.2,Low
CUST001208,0.2,Low
CUST001752,0.2,Low
CUST007855,0.2,Low
CUST004546,0.2,Low
CUST003107,0.2,Low
CUST003824,0.2,Low
CUST006327,0.2,Low
CUST006447,0.2,Low
CUST006259,0.2,Low
CUST003423,0.2,Low
CUST002413,0.2,Low
CUST001820,0.2,Low
CUST003050,0.2,Low
CUST003771,0.2,Low
CUST003763,0.2,Low
CUST000006,0.19666666666666666,Low
CUST007961,0.19666666666666666,Low
CUST006225,0.19666666666666666,Low
CUST001228,0.19666666666666666,Low
CUST002588,0.19666666666666666,Low
CUST003305,0.19666666666666666,Low
CUST002810,0.19666666666666666,Low
CUST003605,0.19666666666666666,Low
CUST003597,0.19666666666666666,Low
CUST000098,0.19666666666666666,Low
CUST007970,0.19666666666666666,Low
CUST000777,0.19666666666666666,Low
CUST003104,0.19666666666666666,Low
CUST006907,0.19666666666666666,Low
CUST000661,0.19666666666666666,Low
CUST001572,0.19666666666666666,Low
CUST007699,0.19666666666666666,Low
CUST000203,0.19666666666666666,Low
CUST005054,0.19666666666666666,Low
CUST002522,0.19666666666666666,Low
CUST001870,0.19666666666666666,Low
CUST005538,0.19666666666666666,Low
CUST007400,0.19666666666666666,Low
CUST007408,0.19666666666666666,Low
CUST002873,0.19666666666666666,Low
CUST001346,0.19666666666666666,Low
CUST007563,0.19666666666666666,Low
CUST007568,0.19666666666666666,Low
CUST007671,0.19666666666666666,Low
CUST007782,0.19666666666666666,Low
CUST003271,0.19666666666666666,Low
CUST003014,0.19666666666666666,Low
CUST002498,0.19666666666666666,Low
CUST003667,0.19666666666666666,Low
CUST001865,0.19666666666666666,Low
CUST003151,0.19666666666666666,Low
CUST007666,0.19666666666666666,Low
CUST000884,0.19666666666666666,Low
CUST002307,0.19666666666666666,Low
CUST000719,0.19666666666666666,Low
CUST001433,0.19666666666666666,Low
CUST004668,0.19666666666666666,Low
CUST005672,0.19666666666666666,Low
CUST000371,0.19666666666666666,Low
CUST001685,0.19666666666666666,Low
CUST001830,0.19666666666666666,Low
CUST005375,0.19666666666666666,Low
CUST006467,0.19666666666666666,Low
CUST001751,0.19666666666666666,Low
CUST003786,0.19666666666666666,Low
CUST007330,0.19666666666666666,Low
CUST007417,0.19666666666666666,Low
CUST001427,0.19666666666666666,Low
CUST003403,0.19666666666666666,Low
CUST000058,0.19333333333333333,Low
CUST007959,0.19333333333333333,Low
CUST000516,0.19333333333333333,Low
CUST004788,0.19333333333333333,Low
CUST002961,0.19333333333333333,Low
CUST004316,0.19333333333333333,Low
CUST002400,0.19333333333333333,Low
CUST000049,0.19333333333333333,Low
CUST000769,0.19333333333333333,Low
CUST000882,0.19333333333333333,Low
CUST002598,0.19333333333333333,Low
CUST007060,0.19333333333333333,Low
CUST007035,0.19333333333333333,Low
CUST002662,0.19333333333333333,Low
CUST005288,0.19333333333333333,Low
CUST002677,0.19333333333333333,Low
CUST006976,0.19333333333333333,Low
CUST007668,0.19333333333333333,Low
CUST007010,0.19333333333333333,Low
CUST004781,0.19333333333333333,Low
CUST000897,0.19333333333333333,Low
CUST007704,0.19333333333333333,Low
CUST005861,0.19333333333333333,Low
CUST006104,0.19333333333333333,Low
CUST004329,0.19333333333333333,Low
CUST003596,0.19333333333333333,Low
CUST006815,0.19333333333333333,Low
CUST001597,0.19333333333333333,Low
CUST005129,0.19333333333333333,Low
CUST001361,0.19333333333333333,Low
CUST004442,0.19333333333333333,Low
CUST001783,0.19333333333333333,Low
CUST004718,0.19333333333333333,Low
CUST005191,0.19333333333333333,Low
CUST005211,0.19333333333333333,Low
CUST001807,0.19333333333333333,Low
CUST006531,0.19333333333333333,Low
CUST005968,0.19333333333333333,Low
CUST003240,0.19333333333333333,Low
CUST001602,0.19333333333333333,Low
CUST004050,0.19333333333333333,Low
CUST007953,0.19333333333333333,Low
CUST007955,0.19333333333333333,Low
CUST006189,0.19333333333333333,Low
CUST007072,0.19333333333333333,Low
CUST001068,0.19333333333333333,Low
CUST003208,0.19,Low
CUST000084,0.19,Low
CUST003207,0.19,Low
CUST004487,0.19,Low
CUST001216,0.19,Low
CUST003878,0.19,Low
CUST000623,0.19,Low
CUST003487,0.19,Low
CUST002467,0.19,Low
CUST003146,0.19,Low
CUST005233,0.19,Low
CUST000212,0.19,Low
CUST005138,0.19,Low
CUST000303,0.19,Low
CUST001939,0.19,Low
CUST003521,0.19,Low
CUST004151,0.19,Low
CUST002841,0.19,Low
CUST007933,0.19,Low
CUST000743,0.19,Low
CUST005845,0.19,Low
CUST004787,0.19,Low
CUST006161,0.19,Low
CUST004870,0.19,Low
CUST006984,0.19,Low
CUST001429,0.19,Low
CUST006342,0.19,Low
CUST000219,0.19,Low
CUST007804,0.19,Low
CUST005416,0.19,Low
CUST005200,0.19,Low
CUST000009,0.19,Low
CUST006240,0.19,Low
CUST007416,0.19,Low
CUST007446,0.19,Low
CUST006664,0.19,Low
CUST005982,0.19,Low
CUST001705,0.19,Low
CUST005459,0.19,Low
CUST005235,0.19,Low
CUST001872,0.19,Low
CUST002328,0.19,Low
CUST002214,0.18666666666666668,Low
CUST002266,0.18666666666666668,Low
CUST007439,0.18666666666666668,Low
CUST000090,0.18666666666666668,Low
CUST007232,0.18666666666666668,Low
CUST003125,0.18666666666666668,Low
CUST000380,0.18666666666666668,Low
CUST002932,0.18666666666666668,Low
CUST004823,0.18666666666666668,Low
CUST004900,0.18666666666666668,Low
CUST001483,0.18666666666666668,Low
CUST004965,0.18666666666666668,Low
CUST007254,0.18666666666666668,Low
CUST002402,0.18666666666666668,Low
CUST006794,0.18666666666666668,Low
CUST001466,0.18666666666666668,Low
CUST001455,0.18666666666666668,Low
CUST005153,0.18666666666666668,Low
CUST000725,0.18666666666666668,Low
CUST005603,0.18666666666666668,Low
CUST002152,0.18666666666666668,Low
CUST006820,0.18666666666666668,Low
CUST003554,0.18666666666666668,Low
CUST007364,0.18666666666666668,Low
CUST005061,0.18666666666666668,Low
CUST004374,0.18666666666666668,Low
CUST004115,0.18666666666666668,Low
CUST007009,0.18666666666666668,Low
CUST000896,0.18666666666666668,Low
CUST007751,0.18666666666666668,Low
CUST007882,0.18666666666666668,Low
CUST002774,0.18666666666666668,Low
CUST002324,0.18666666666666668,Low
CUST005243,0.18666666666666668,Low
CUST003935,0.18666666666666668,Low
CUST000401,0.18666666666666668,Low
CUST001863,0.18666666666666668,Low
CUST005517,0.18666666666666668,Low
CUST002133,0.18666666666666668,Low
CUST007680,0.18666666666666668,Low
CUST005506,0.18666666666666668,Low
CUST006254,0.18666666666666668,Low
CUST006255,0.18666666666666668,Low
CUST006469,0.18666666666666668,Low
CUST005958,0.18666666666666668,Low
CUST003212,0.18666666666666668,Low
CUST003877,0.18666666666666668,Low
CUST004660,0.18666666666666668,Low
CUST006173,0.18666666666666668,Low
CUST007729,0.18333333333333332,Low
CUST004583,0.18333333333333332,Low
CUST004511,0.18333333333333332,Low
CUST007447,0.18333333333333332,Low
CUST005435,0.18333333333333332,Low
CUST005461,0.18333333333333332,Low
CUST005596,0.18333333333333332,Low
CUST006958,0.18333333333333332,Low
CUST006968,0.18333333333333332,Low
CUST007184,0.18333333333333332,Low
CUST003844,0.18333333333333332,Low
CUST002707,0.18333333333333332,Low
CUST002682,0.18333333333333332,Low
CUST007636,0.18333333333333332,Low
CUST000199,0.18333333333333332,Low
CUST005607,0.18333333333333332,Low
CUST003489,0.18333333333333332,Low
CUST002164,0.18333333333333332,Low
CUST001074,0.18333333333333332,Low
CUST007129,0.18333333333333332,Low
CUST002612,0.18333333333333332,Low
CUST005147,0.18333333333333332,Low
CUST005755,0.18333333333333332,Low
CUST001956,0.18333333333333332,Low
CUST007351,0.18333333333333332,Low
CUST002532,0.18333333333333332,Low
CUST007692,0.18333333333333332,Low
CUST006335,0.18333333333333332,Low
CUST005809,0.18333333333333332,Low
CUST007523,0.18333333333333332,Low
CUST005005,0.18333333333333332,Low
CUST007348,0.18333333333333332,Low
CUST004143,0.18333333333333332,Low
CUST007556,0.18333333333333332,Low
CUST003044,0.18333333333333332,Low
CUST006668,0.18333333333333332,Low
CUST000720,0.18333333333333332,Low
CUST000358,0.18333333333333332,Low
CUST007938,0.18333333333333332,Low
CUST001179,0.18333333333333332,Low
CUST007690,0.18333333333333332,Low
CUST007691,0.18333333333333332,Low
CUST007827,0.18333333333333332,Low
CUST005920,0.18333333333333332,Low
CUST001338,0.18333333333333332,Low
CUST006661,0.18333333333333332,Low
CUST006275,0.18333333333333332,Low
CUST006092,0.18333333333333332,Low
CUST003027,0.18333333333333332,Low
CUST006119,0.18333333333333332,Low
CUST003138,0.18333333333333332,Low
CUST000400,0.18,Low
CUST003089,0.18,Low
CUST007589,0.18,Low
CUST006440,0.18,Low
CUST001332,0.18,Low
CUST002142,0.18,Low
CUST005371,0.18,Low
CUST004768,0.18,Low
CUST005399,0.18,Low
CUST002146,0.18,Low
CUST003568,0.18,Low
CUST005380,0.18,Low
CUST001970,0.18,Low
CUST005716,0.18,Low
CUST000557,0.18,Low
CUST001936,0.18,Low
CUST002542,0.18,Low
CUST003445,0.18,Low
CUST005683,0.18,Low
CUST002608,0.18,Low
CUST005696,0.18,Low
CUST004944,0.18,Low
CUST001417,0.18,Low
CUST006302,0.18,Low
CUST004936,0.18,Low
CUST002507,0.18,Low
CUST000583,0.18,Low
CUST003324,0.18,Low
CUST004947,0.18,Low
CUST001778,0.18,Low
CUST006878,0.18,Low
CUST007138,0.18,Low
CUST000298,0.18,Low
CUST004964,0.18,Low
CUST007713,0.18,Low
CUST007847,0.18,Low
CUST007852,0.18,Low
CUST006891,0.18,Low
CUST000463,0.18,Low
CUST004878,0.18,Low
CUST001035,0.18,Low
CUST004277,0.18,Low
CUST007224,0.18,Low
CUST002321,0.18,Low
CUST004464,0.18,Low
CUST006291,0.18,Low
CUST002398,0.18,Low
CUST006758,0.18,Low
CUST003835,0.18,Low
CUST002107,0.18,Low
CUST000365,0.18,Low
CUST004554,0.18,Low
CUST001291,0.18,Low
CUST005076,0.18,Low
CUST004044,0.18,Low
CUST001958,0.17666666666666667,Low
CUST004098,0.17666666666666667,Low
CUST005812,0.17666666666666667,Low
CUST002775,0.17666666666666667,Low
CUST001278,0.17666666666666667,Low
CUST006253,0.17666666666666667,Low
CUST004521,0.17666666666666667,Low
CUST004681,0.17666666666666667,Low
CUST006665,0.17666666666666667,Low
CUST000742,0.17666666666666667,Low
CUST007403,0.17666666666666667,Low
CUST005224,0.17666666666666667,Low
CUST004959,0.17666666666666667,Low
CUST005160,0.17666666666666667,Low
CUST001888,0.17666666666666667,Low
CUST005151,0.17666666666666667,Low
CUST000886,0.17666666666666667,Low
CUST006752,0.17666666666666667,Low
CUST001131,0.17666666666666667,Low
CUST001668,0.17666666666666667,Low
CUST001661,0.17666666666666667,Low
CUST007840,0.17666666666666667,Low
CUST003773,0.17666666666666667,Low
CUST005404,0.17666666666666667,Low
CUST007032,0.17666666666666667,Low
CUST004341,0.17666666666666667,Low
CUST004779,0.17666666666666667,Low
CUST005450,0.17666666666666667,Low
CUST000091,0.17666666666666667,Low
CUST005526,0.17666666666666667,Low
CUST000398,0.17666666666666667,Low
CUST002325,0.17666666666666667,Low
CUST007572,0.17666666666666667,Low
CUST007154,0.17666666666666667,Low
CUST007270,0.17666666666666667,Low
CUST006854,0.17666666666666667,Low
CUST001648,0.17666666666666667,Low
CUST003153,0.17666666666666667,Low
CUST004578,0.17666666666666667,Low
CUST004194,0.17666666666666667,Low
CUST000354,0.17666666666666667,Low
CUST006676,0.17666666666666667,Low
CUST004861,0.17666666666666667,Low
CUST003284,0.17666666666666667,Low
CUST006508,0.17666666666666667,Low
CUST001175,0.17666666666666667,Low
CUST002027,0.17666666666666667,Low
CUST002668,0.17666666666666667,Low
CUST003858,0.17666666666666667,Low
CUST000860,0.17666666666666667,Low
CUST005638,0.17666666666666667,Low
CUST007421,0.17666666666666667,Low
CUST002838,0.17666666666666667,Low
CUST002064,0.17666666666666667,Low
CUST002356,0.17666666666666667,Low
CUST002163,0.17666666666666667,Low
CUST003828,0.17666666666666667,Low
CUST000185,0.17666666666666667,Low
CUST006454,0.17666666666666667,Low
CUST002118,0.17666666666666667,Low
CUST003968,0.17666666666666667,Low
CUST005202,0.17666666666666667,Low
CUST004338,0.17333333333333334,Low
CUST001700,0.17333333333333334,Low
CUST005347,0.17333333333333334,Low
CUST002125,0.17333333333333334,Low
CUST005378,0.17333333333333334,Low
CUST003509,0.17333333333333334,Low
CUST005452,0.17333333333333334,Low
CUST004782,0.17333333333333334,Low
CUST001158,0.17333333333333334,Low
CUST006415,0.17333333333333334,Low
CUST001530,0.17333333333333334,Low
CUST007461,0.17333333333333334,Low
CUST007674,0.17333333333333334,Low
CUST006002,0.17333333333333334,Low
CUST001601,0.17333333333333334,Low
CUST002342,0.17333333333333334,Low
CUST006155,0.17333333333333334,Low
CUST000088,0.17333333333333334,Low
CUST007968,0.17333333333333334,Low
CUST006406,0.17333333333333334,Low
CUST003522,0.17333333333333334,Low
CUST005952,0.17333333333333334,Low
CUST007437,0.17333333333333334,Low
CUST000511,0.17333333333333334,Low
CUST002081,0.17333333333333334,Low
CUST004256,0.17333333333333334,Low
CUST002055,0.17333333333333334,Low
CUST002379,0.17333333333333334,Low
CUST004285,0.17333333333333334,Low
CUST004286,0.17333333333333334,Low
CUST006589,0.17333333333333334,Low
CUST007442,0.17333333333333334,Low
CUST001757,0.17333333333333334,Low
CUST001514,0.17333333333333334,Low
CUST004252,0.17333333333333334,Low
CUST000460,0.17333333333333334,Low
CUST004226,0.17333333333333334,Low
CUST002421,0.17333333333333334,Low
CUST004419,0.17333333333333334,Low
CUST001739,0.17333333333333334,Low
CUST005682,0.17333333333333334,Low
CUST001840,0.17333333333333334,Low
CUST005708,0.17333333333333334,Low
CUST000702,0.17333333333333334,Low
CUST006999,0.17333333333333334,Low
CUST005165,0.17333333333333334,Low
CUST002203,0.17333333333333334,Low
CUST000573,0.17333333333333334,Low
CUST000342,0.17333333333333334,Low
CUST005067,0.17333333333333334,Low
CUST003440,0.17333333333333334,Low
CUST005775,0.17333333333333334,Low
CUST005078,0.17333333333333334,Low
CUST005799,0.17333333333333334,Low
CUST006366,0.17333333333333334,Low
CUST002535,0.17333333333333334,Low
CUST007656,0.17333333333333334,Low
CUST005495,0.17333333333333334,Low
CUST003638,0.17333333333333334,Low
CUST007915,0.17333333333333334,Low
CUST007913,0.17333333333333334,Low
CUST003197,0.17333333333333334,Low
CUST001242,0.17,Low
CUST006047,0.17,Low
CUST005569,0.17,Low
CUST000983,0.17,Low
CUST004527,0.17,Low
CUST003407,0.17,Low
CUST005003,0.17,Low
CUST005115,0.17,Low
CUST001959,0.17,Low
CUST001625,0.17,Low
CUST003442,0.17,Low
CUST005060,0.17,Low
CUST006304,0.17,Low
CUST006529,0.17,Low
CUST002186,0.17,Low
CUST006346,0.17,Low
CUST006666,0.17,Low
CUST005286,0.17,Low
CUST006587,0.17,Low
CUST002486,0.17,Low
CUST003280,0.17,Low
CUST005225,0.17,Low
CUST002621,0.17,Low
CUST006881,0.17,Low
CUST006857,0.17,Low
CUST001804,0.17,Low
CUST003433,0.17,Low
CUST002606,0.17,Low
CUST002489,0.17,Low
CUST000324,0.17,Low
CUST007055,0.17,Low
CUST001191,0.17,Low
CUST003997,0.17,Low
CUST006683,0.17,Low
CUST001879,0.17,Low
CUST003213,0.17,Low
CUST005752,0.17,Low
CUST005912,0.17,Low
CUST005890,0.17,Low
CUST006624,0.17,Low
CUST002635,0.17,Low
CUST005663,0.17,Low
CUST005953,0.17,Low
CUST001084,0.17,Low
CUST005597,0.17,Low
CUST003535,0.17,Low
CUST003742,0.17,Low
CUST003762,0.17,Low
CUST005445,0.17,Low
CUST004741,0.17,Low
CUST002322,0.17,Low
CUST004765,0.17,Low
CUST006912,0.17,Low
CUST007103,0.17,Low
CUST005589,0.17,Low
CUST006638,0.17,Low
CUST006915,0.17,Low
CUST001681,0.17,Low
CUST007786,0.17,Low
CUST000675,0.17,Low
CUST006641,0.17,Low
CUST004827,0.17,Low
CUST004240,0.17,Low
CUST007846,0.17,Low
CUST004430,0.17,Low
CUST002375,0.17,Low
CUST000961,0.17,Low
CUST004541,0.17,Low
CUST003575,0.17,Low
CUST000414,0.17,Low
CUST007835,0.17,Low
CUST000939,0.17,Low
CUST004613,0.17,Low
CUST001193,0.17,Low
CUST003889,0.17,Low
CUST006906,0.17,Low
CUST002051,0.17,Low
CUST000689,0.16666666666666666,Low
CUST002876,0.16666666666666666,Low
CUST000724,0.16666666666666666,Low
CUST007393,0.16666666666666666,Low
CUST007531,0.16666666666666666,Low
CUST000214,0.16666666666666666,Low
CUST001044,0.16666666666666666,Low
CUST005838,0.16666666666666666,Low
CUST000576,0.16666666666666666,Low
CUST000698,0.16666666666666666,Low
CUST002929,0.16666666666666666,Low
CUST007338,0.16666666666666666,Low
CUST007954,0.16666666666666666,Low
CUST006328,0.16666666666666666,Low
CUST007812,0.16666666666666666,Low
CUST004774,0.16666666666666666,Low
CUST007449,0.16666666666666666,Low
CUST007483,0.16666666666666666,Low
CUST003573,0.16666666666666666,Low
CUST007904,0.16666666666666666,Low
CUST006006,0.16666666666666666,Low
CUST006933,0.16666666666666666,Low
CUST007115,0.16666666666666666,Low
CUST000320,0.16666666666666666,Low
CUST004095,0.16666666666666666,Low
CUST003066,0.16666666666666666,Low
CUST004996,0.16666666666666666,Low
CUST004140,0.16666666666666666,Low
CUST005810,0.16666666666666666,Low
CUST006158,0.16666666666666666,Low
CUST000031,0.16666666666666666,Low
CUST003103,0.16666666666666666,Low
CUST005520,0.16666666666666666,Low
CUST003607,0.16666666666666666,Low
CUST004695,0.16666666666666666,Low
CUST002202,0.16666666666666666,Low
CUST004560,0.16666666666666666,Low
CUST006131,0.16666666666666666,Low
CUST007257,0.16666666666666666,Low
CUST004551,0.16666666666666666,Low
CUST004631,0.16666666666666666,Low
CUST005576,0.16666666666666666,Low
CUST003735,0.16666666666666666,Low
CUST005959,0.16666666666666666,Low
CUST003538,0.16666666666666666,Low
CUST001195,0.16666666666666666,Low
CUST004571,0.16666666666666666,Low
CUST006463,0.16666666666666666,Low
CUST003847,0.16666666666666666,Low
CUST002116,0.16666666666666666,Low
CUST002113,0.16666666666666666,Low
CUST005644,0.16666666666666666,Low
CUST001771,0.16666666666666666,Low
CUST004461,0.16666666666666666,Low
CUST002446,0.16666666666666666,Low
CUST005981,0.16666666666666666,Low
CUST004881,0.16666666666666666,Low
CUST003901,0.16666666666666666,Low
CUST004914,0.16666666666666666,Low
CUST005949,0.16666666666666666,Low
CUST007193,0.16666666666666666,Low
CUST003252,0.16666666666666666,Low
CUST004346,0.16666666666666666,Low
CUST004446,0.16666666666666666,Low
CUST000605,0.16666666666666666,Low
CUST006333,0.16333333333333333,Low
CUST007909,0.16333333333333333,Low
CUST007693,0.16333333333333333,Low
CUST000340,0.16333333333333333,Low
CUST006717,0.16333333333333333,Low
CUST006117,0.16333333333333333,Low
CUST003193,0.16333333333333333,Low
CUST003162,0.16333333333333333,Low
CUST003654,0.16333333333333333,Low
CUST000227,0.16333333333333333,Low
CUST003097,0.16333333333333333,Low
CUST007752,0.16333333333333333,Low
CUST006824,0.16333333333333333,Low
CUST005126,0.16333333333333333,Low
CUST004133,0.16333333333333333,Low
CUST007063,0.16333333333333333,Low
CUST005717,0.16333333333333333,Low
CUST006041,0.16333333333333333,Low
CUST007386,0.16333333333333333,Low
CUST003055,0.16333333333333333,Low
CUST003655,0.16333333333333333,Low
CUST004135,0.16333333333333333,Low
CUST004101,0.16333333333333333,Low
CUST004107,0.16333333333333333,Low
CUST004995,0.16333333333333333,Low
CUST003400,0.16333333333333333,Low
CUST005801,0.16333333333333333,Low
CUST001482,0.16333333333333333,Low
CUST001516,0.16333333333333333,Low
CUST003499,0.16333333333333333,Low
CUST007547,0.16333333333333333,Low
CUST003318,0.16333333333333333,Low
CUST002024,0.16333333333333333,Low
CUST007939,0.16333333333333333,Low
CUST000117,0.16333333333333333,Low
CUST003304,0.16333333333333333,Low
CUST005684,0.16333333333333333,Low
CUST003486,0.16333333333333333,Low
CUST002617,0.16333333333333333,Low
CUST000908,0.16333333333333333,Low
CUST005222,0.16333333333333333,Low
CUST007895,0.16333333333333333,Low
CUST005241,0.16333333333333333,Low
CUST005834,0.16333333333333333,Low
CUST005113,0.16333333333333333,Low
CUST002488,0.16333333333333333,Low
CUST004919,0.16333333333333333,Low
CUST004223,0.16333333333333333,Low
CUST002669,0.16333333333333333,Low
CUST001511,0.16333333333333333,Low
CUST001347,0.16333333333333333,Low
CUST001358,0.16333333333333333,Low
CUST004249,0.16333333333333333,Low
CUST006730,0.16333333333333333,Low
CUST000431,0.16333333333333333,Low
CUST003863,0.16333333333333333,Low
CUST001071,0.16333333333333333,Low
CUST002060,0.16333333333333333,Low
CUST007219,0.16333333333333333,Low
CUST004258,0.16333333333333333,Low
CUST003244,0.16333333333333333,Low
CUST004792,0.16333333333333333,Low
CUST005423,0.16333333333333333,Low
CUST002708,0.16333333333333333,Low
CUST001706,0.16333333333333333,Low
CUST001726,0.16333333333333333,Low
CUST004911,0.16333333333333333,Low
CUST005613,0.16333333333333333,Low
CUST005974,0.16333333333333333,Low
CUST000509,0.16333333333333333,Low
CUST003508,0.16333333333333333,Low
CUST003756,0.16333333333333333,Low
CUST005439,0.16333333333333333,Low
CUST006932,0.16333333333333333,Low
CUST003717,0.16333333333333333,Low
CUST003713,0.16333333333333333,Low
CUST006069,0.16333333333333333,Low
CUST002147,0.16333333333333333,Low
CUST004767,0.16333333333333333,Low
CUST002370,0.16333333333333333,Low
CUST007988,0.16333333333333333,Low
CUST005992,0.16333333333333333,Low
CUST002341,0.16333333333333333,Low
CUST004420,0.16333333333333333,Low
CUST007685,0.16333333333333333,Low
CUST002777,0.16333333333333333,Low
CUST002220,0.16333333333333333,Low
CUST000641,0.16333333333333333,Low
CUST000063,0.16333333333333333,Low
CUST000070,0.16333333333333333,Low
CUST005536,0.16333333333333333,Low
CUST003087,0.16333333333333333,Low
CUST004570,0.16,Low
CUST007262,0.16,Low
CUST007166,0.16,Low
CUST007498,0.16,Low
CUST000642,0.16,Low
CUST007728,0.16,Low
CUST003601,0.16,Low
CUST005528,0.16,Low
CUST005527,0.16,Low
CUST007486,0.16,Low
CUST007462,0.16,Low
CUST003726,0.16,Low
CUST000211,0.16,Low
CUST003841,0.16,Low
CUST000571,0.16,Low
CUST003859,0.16,Low
CUST002857,0.16,Low
CUST000668,0.16,Low
CUST005718,0.16,Low
CUST001869,0.16,Low
CUST000892,0.16,Low
CUST005227,0.16,Low
CUST003909,0.16,Low
CUST005132,0.16,Low
CUST005166,0.16,Low
CUST000891,0.16,Low
CUST007440,0.16,Low
CUST000832,0.16,Low
CUST005338,0.16,Low
CUST007799,0.16,Low
CUST001703,0.16,Low
CUST001582,0.16,Low
CUST003710,0.16,Low
CUST003706,0.16,Low
CUST006970,0.16,Low
CUST007141,0.16,Low
CUST007145,0.16,Low
CUST003378,0.16,Low
CUST005738,0.16,Low
CUST005085,0.16,Low
CUST000341,0.16,Low
CUST004070,0.16,Low
CUST003238,0.16,Low
CUST007093,0.16,Low
CUST005937,0.16,Low
CUST004874,0.16,Low
CUST001320,0.16,Low
CUST007326,0.16,Low
CUST006760,0.16,Low
CUST002377,0.16,Low
CUST002127,0.16,Low
CUST007101,0.16,Low
CUST007848,0.16,Low
CUST002162,0.16,Low
CUST003011,0.16,Low
CUST002327,0.16,Low
CUST002305,0.16,Low
CUST002383,0.16,Low
CUST000134,0.16,Low
CUST004193,0.16,Low
CUST004202,0.16,Low
CUST000794,0.16,Low
CUST006320,0.16,Low
CUST002477,0.16,Low
CUST004935,0.16,Low
CUST004092,0.16,Low
CUST007702,0.16,Low
CUST002531,0.16,Low
CUST004105,0.16,Low
CUST004662,0.16,Low
CUST000026,0.16,Low
CUST006183,0.16,Low
CUST007585,0.16,Low
CUST007286,0.16,Low
CUST000581,0.15666666666666668,Low
CUST007110,0.15666666666666668,Low
CUST003973,0.15666666666666668,Low
CUST000722,0.15666666666666668,Low
CUST007930,0.15666666666666668,Low
CUST001808,0.15666666666666668,Low
CUST006876,0.15666666666666668,Low
CUST001809,0.15666666666666668,Low
CUST001798,0.15666666666666668,Low
CUST007497,0.15666666666666668,Low
CUST000909,0.15666666666666668,Low
CUST001708,0.15666666666666668,Low
CUST003715,0.15666666666666668,Low
CUST005489,0.15666666666666668,Low
CUST007473,0.15666666666666668,Low
CUST000829,0.15666666666666668,Low
CUST000664,0.15666666666666668,Low
CUST002817,0.15666666666666668,Low
CUST003664,0.15666666666666668,Low
CUST003699,0.15666666666666668,Low
CUST003686,0.15666666666666668,Low
CUST003691,0.15666666666666668,Low
CUST000249,0.15666666666666668,Low
CUST000831,0.15666666666666668,Low
CUST001770,0.15666666666666668,Low
CUST007496,0.15666666666666668,Low
CUST007718,0.15666666666666668,Low
CUST005562,0.15666666666666668,Low
CUST003159,0.15666666666666668,Low
CUST000775,0.15666666666666668,Low
CUST003098,0.15666666666666668,Low
CUST005547,0.15666666666666668,Low
CUST003150,0.15666666666666668,Low
CUST002231,0.15666666666666668,Low
CUST004489,0.15666666666666668,Low
CUST003206,0.15666666666666668,Low
CUST002320,0.15666666666666668,Low
CUST000439,0.15666666666666668,Low
CUST004482,0.15666666666666668,Low
CUST002253,0.15666666666666668,Low
CUST006279,0.15666666666666668,Low
CUST002138,0.15666666666666668,Low
CUST004394,0.15666666666666668,Low
CUST007875,0.15666666666666668,Low
CUST003274,0.15666666666666668,Low
CUST000726,0.15666666666666668,Low
CUST004855,0.15666666666666668,Low
CUST007757,0.15666666666666668,Low
CUST004986,0.15666666666666668,Low
CUST005017,0.15666666666666668,Low
CUST001423,0.15666666666666668,Low
CUST004205,0.15666666666666668,Low
CUST007619,0.15666666666666668,Low
CUST000159,0.15666666666666668,Low
CUST003366,0.15666666666666668,Low
CUST005835,0.15666666666666668,Low
CUST000539,0.15666666666666668,Low
CUST002516,0.15666666666666668,Low
CUST004137,0.15666666666666668,Low
CUST002950,0.15666666666666668,Low
CUST004085,0.15666666666666668,Low
CUST005140,0.15666666666666668,Low
CUST007886,0.15666666666666668,Low
CUST005908,0.15666666666666668,Low
CUST002093,0.15666666666666668,Low
CUST002132,0.15666666666666668,Low
CUST001531,0.15666666666666668,Low
CUST003714,0.15666666666666668,Low
CUST005353,0.15666666666666668,Low
CUST007333,0.15666666666666668,Low
CUST000100,0.15666666666666668,Low
CUST004934,0.15666666666666668,Low
CUST006285,0.15666666666666668,Low
CUST004829,0.15666666666666668,Low
CUST004388,0.15666666666666668,Low
CUST004172,0.15666666666666668,Low
CUST007305,0.15666666666666668,Low
CUST001366,0.15666666666666668,Low
CUST001105,0.15333333333333332,Low
CUST006704,0.15333333333333332,Low
CUST005389,0.15333333333333332,Low
CUST005370,0.15333333333333332,Low
CUST006918,0.15333333333333332,Low
CUST007428,0.15333333333333332,Low
CUST002787,0.15333333333333332,Low
CUST006938,0.15333333333333332,Low
CUST002822,0.15333333333333332,Low
CUST003608,0.15333333333333332,Low
CUST000666,0.15333333333333332,Low
CUST003690,0.15333333333333332,Low
CUST005488,0.15333333333333332,Low
CUST005493,0.15333333333333332,Low
CUST003588,0.15333333333333332,Low
CUST001141,0.15333333333333332,Low
CUST003551,0.15333333333333332,Low
CUST003574,0.15333333333333332,Low
CUST005135,0.15333333333333332,Low
CUST000170,0.15333333333333332,Low
CUST000694,0.15333333333333332,Low
CUST000695,0.15333333333333332,Low
CUST005296,0.15333333333333332,Low
CUST001064,0.15333333333333332,Low
CUST003942,0.15333333333333332,Low
CUST001799,0.15333333333333332,Low
CUST002865,0.15333333333333332,Low
CUST003500,0.15333333333333332,Low
CUST006392,0.15333333333333332,Low
CUST003893,0.15333333333333332,Low
CUST000598,0.15333333333333332,Low
CUST001767,0.15333333333333332,Low
CUST000818,0.15333333333333332,Low
CUST006897,0.15333333333333332,Low
CUST005091,0.15333333333333332,Low
CUST005063,0.15333333333333332,Low
CUST006980,0.15333333333333332,Low
CUST005080,0.15333333333333332,Low
CUST000307,0.15333333333333332,Low
CUST002556,0.15333333333333332,Low
CUST005757,0.15333333333333332,Low
CUST005768,0.15333333333333332,Low
CUST003409,0.15333333333333332,Low
CUST003421,0.15333333333333332,Low
CUST006338,0.15333333333333332,Low
CUST006595,0.15333333333333332,Low
CUST007654,0.15333333333333332,Low
CUST002960,0.15333333333333332,Low
CUST004112,0.15333333333333332,Low
CUST007375,0.15333333333333332,Low
CUST002463,0.15333333333333332,Low
CUST004216,0.15333333333333332,Low
CUST007546,0.15333333333333332,Low
CUST005864,0.15333333333333332,Low
CUST002472,0.15333333333333332,Low
CUST002470,0.15333333333333332,Low
CUST003348,0.15333333333333332,Low
CUST004199,0.15333333333333332,Low
CUST002458,0.15333333333333332,Low
CUST006602,0.15333333333333332,Low
CUST004130,0.15333333333333332,Low
CUST005014,0.15333333333333332,Low
CUST004230,0.15333333333333332,Low
CUST007089,0.15333333333333332,Low
CUST005948,0.15333333333333332,Low
CUST001405,0.15333333333333332,Low
CUST004753,0.15333333333333332,Low
CUST000504,0.15333333333333332,Low
CUST006635,0.15333333333333332,Low
CUST004821,0.15333333333333332,Low
CUST004887,0.15333333333333332,Low
CUST002437,0.15333333333333332,Low
CUST002440,0.15333333333333332,Low
CUST002447,0.15333333333333332,Low
CUST007874,0.15333333333333332,Low
CUST004308,0.15333333333333332,Low
CUST002298,0.15333333333333332,Low
CUST000457,0.15333333333333332,Low
CUST000952,0.15333333333333332,Low
CUST002280,0.15333333333333332,Low
CUST001277,0.15333333333333332,Low
CUST006170,0.15333333333333332,Low
CUST003792,0.15,Low
CUST007906,0.15,Low
CUST004659,0.15,Low
CUST004628,0.15,Low
CUST004524,0.15,Low
CUST007261,0.15,Low
CUST000419,0.15,Low
CUST005545,0.15,Low
CUST005552,0.15,Low
CUST005521,0.15,Low
CUST007179,0.15,Low
CUST006453,0.15,Low
CUST005568,0.15,Low
CUST003836,0.15,Low
CUST007726,0.15,Low
CUST005578,0.15,Low
CUST003718,0.15,Low
CUST007259,0.15,Low
CUST006720,0.15,Low
CUST001238,0.15,Low
CUST005376,0.15,Low
CUST003897,0.15,Low
CUST002667,0.15,Low
CUST007189,0.15,Low
CUST005360,0.15,Low
CUST001489,0.15,Low
CUST005670,0.15,Low
CUST003949,0.15,Low
CUST003629,0.15,Low
CUST000905,0.15,Low
CUST003972,0.15,Low
CUST003572,0.15,Low
CUST000179,0.15,Low
CUST004006,0.15,Low
CUST002586,0.15,Low
CUST001453,0.15,Low
CUST006728,0.15,Low
CUST006343,0.15,Low
CUST005726,0.15,Low
CUST005727,0.15,Low
CUST007779,0.15,Low
CUST001446,0.15,Low
CUST001450,0.15,Low
CUST002547,0.15,Low
CUST006543,0.15,Low
CUST005168,0.15,Low
CUST006826,0.15,Low
CUST005142,0.15,Low
CUST001050,0.15,Low
CUST002519,0.15,Low
CUST003079,0.15,Low
CUST003164,0.15,Low
CUST007677,0.15,Low
CUST003454,0.15,Low
CUST004113,0.15,Low
CUST002938,0.15,Low
CUST002920,0.15,Low
CUST001182,0.15,Low
CUST002887,0.15,Low
CUST006974,0.15,Low
CUST000536,0.15,Low
CUST006297,0.15,Low
CUST006298,0.15,Low
CUST002473,0.15,Low
CUST000711,0.15,Low
CUST004444,0.15,Low
CUST004456,0.15,Low
CUST000415,0.15,Low
CUST004709,0.15,Low
CUST001026,0.15,Low
CUST004949,0.15,Low
CUST001363,0.15,Low
CUST002405,0.15,Low
CUST004301,0.15,Low
CUST004905,0.15,Low
CUST002988,0.15,Low
CUST003293,0.15,Low
CUST006271,0.15,Low
CUST005999,0.15,Low
CUST007759,0.15,Low
CUST007768,0.15,Low
CUST004332,0.15,Low
CUST000477,0.15,Low
CUST004752,0.15,Low
CUST003221,0.15,Low
CUST004771,0.15,Low
CUST006194,0.15,Low
CUST000041,0.15,Low
CUST004534,0.15,Low
CUST004606,0.15,Low
CUST004608,0.15,Low
CUST007996,0.15,Low
CUST006212,0.15,Low
CUST007850,0.14666666666666667,Low
CUST003158,0.14666666666666667,Low
CUST000744,0.14666666666666667,Low
CUST005203,0.14666666666666667,Low
CUST001199,0.14666666666666667,Low
CUST002075,0.14666666666666667,Low
CUST007315,0.14666666666666667,Low
CUST004807,0.14666666666666667,Low
CUST003249,0.14666666666666667,Low
CUST004907,0.14666666666666667,Low
CUST002354,0.14666666666666667,Low
CUST007246,0.14666666666666667,Low
CUST004387,0.14666666666666667,Low
CUST004780,0.14666666666666667,Low
CUST001036,0.14666666666666667,Low
CUST005424,0.14666666666666667,Low
CUST002926,0.14666666666666667,Low
CUST004245,0.14666666666666667,Low
CUST006348,0.14666666666666667,Low
CUST007902,0.14666666666666667,Low
CUST003736,0.14666666666666667,Low
CUST002022,0.14666666666666667,Low
CUST001364,0.14666666666666667,Low
CUST002030,0.14666666666666667,Low
CUST002649,0.14666666666666667,Low
CUST001745,0.14666666666666667,Low
CUST001746,0.14666666666666667,Low
CUST007436,0.14666666666666667,Low
CUST003336,0.14666666666666667,Low
CUST003648,0.14666666666666667,Low
CUST005780,0.14666666666666667,Low
CUST004689,0.14666666666666667,Low
CUST002948,0.14666666666666667,Low
CUST005025,0.14666666666666667,Low
CUST000971,0.14666666666666667,Low
CUST001768,0.14666666666666667,Low
CUST005405,0.14666666666666667,Low
CUST003793,0.14666666666666667,Low
CUST001247,0.14666666666666667,Low
CUST005058,0.14666666666666667,Low
CUST001678,0.14666666666666667,Low
CUST006654,0.14666666666666667,Low
CUST002303,0.14666666666666667,Low
CUST000017,0.14666666666666667,Low
CUST003110,0.14666666666666667,Low
CUST003101,0.14666666666666667,Low
CUST006191,0.14666666666666667,Low
CUST004653,0.14666666666666667,Low
CUST007472,0.14666666666666667,Low
CUST005430,0.14666666666666667,Low
CUST001692,0.14666666666666667,Low
CUST005967,0.14666666666666667,Low
CUST004901,0.14666666666666667,Low
CUST000887,0.14666666666666667,Low
CUST003624,0.14666666666666667,Low
CUST007935,0.14666666666666667,Low
CUST005720,0.14666666666666667,Low
CUST000142,0.14666666666666667,Low
CUST005542,0.14666666666666667,Low
CUST007195,0.14666666666666667,Low
CUST007085,0.14666666666666667,Low
CUST003542,0.14666666666666667,Low
CUST005258,0.14666666666666667,Low
CUST003039,0.14666666666666667,Low
CUST001177,0.14666666666666667,Low
CUST002335,0.14666666666666667,Low
CUST005686,0.14666666666666667,Low
CUST005118,0.14666666666666667,Low
CUST005103,0.14666666666666667,Low
CUST001181,0.14666666666666667,Low
CUST002590,0.14666666666666667,Low
CUST004108,0.14666666666666667,Low
CUST005026,0.14666666666666667,Low
CUST005886,0.14666666666666667,Low
CUST005856,0.14666666666666667,Low
CUST002928,0.14666666666666667,Low
CUST004890,0.14333333333333334,Low
CUST006833,0.14333333333333334,Low
CUST001712,0.14333333333333334,Low
CUST000676,0.14333333333333334,Low
CUST006188,0.14333333333333334,Low
CUST002385,0.14333333333333334,Low
CUST007944,0.14333333333333334,Low
CUST003308,0.14333333333333334,Low
CUST004852,0.14333333333333334,Low
CUST000367,0.14333333333333334,Low
CUST006193,0.14333333333333334,Low
CUST007097,0.14333333333333334,Low
CUST006108,0.14333333333333334,Low
CUST004529,0.14333333333333334,Low
CUST007788,0.14333333333333334,Low
CUST001630,0.14333333333333334,Low
CUST006534,0.14333333333333334,Low
CUST007815,0.14333333333333334,Low
CUST003056,0.14333333333333334,Low
CUST002986,0.14333333333333334,Low
CUST000291,0.14333333333333334,Low
CUST000262,0.14333333333333334,Low
CUST004243,0.14333333333333334,Low
CUST005939,0.14333333333333334,Low
CUST005964,0.14333333333333334,Low
CUST000207,0.14333333333333334,Low
CUST005220,0.14333333333333334,Low
CUST004726,0.14333333333333334,Low
CUST002194,0.14333333333333334,Low
CUST002524,0.14333333333333334,Low
CUST001048,0.14333333333333334,Low
CUST005158,0.14333333333333334,Low
CUST006477,0.14333333333333334,Low
CUST005214,0.14333333333333334,Low
CUST003042,0.14333333333333334,Low
CUST000815,0.14333333333333334,Low
CUST005656,0.14333333333333334,Low
CUST000851,0.14333333333333334,Low
CUST000849,0.14333333333333334,Low
CUST006763,0.14333333333333334,Low
CUST003341,0.14333333333333334,Low
CUST004305,0.14333333333333334,Low
CUST006063,0.14333333333333334,Low
CUST005326,0.14333333333333334,Low
CUST005985,0.14333333333333334,Low
CUST003349,0.14333333333333334,Low
CUST004283,0.14333333333333334,Low
CUST002417,0.14333333333333334,Low
CUST006771,0.14333333333333334,Low
CUST004925,0.14333333333333334,Low
CUST004287,0.14333333333333334,Low
CUST006473,0.14333333333333334,Low
CUST000565,0.14333333333333334,Low
CUST002457,0.14333333333333334,Low
CUST002506,0.14333333333333334,Low
CUST001302,0.14333333333333334,Low
CUST006574,0.14333333333333334,Low
CUST004128,0.14333333333333334,Low
CUST007125,0.14333333333333334,Low
CUST007805,0.14333333333333334,Low
CUST000855,0.14333333333333334,Low
CUST001432,0.14333333333333334,Low
CUST001817,0.14333333333333334,Low
CUST007899,0.14333333333333334,Low
CUST005011,0.14333333333333334,Low
CUST007355,0.14333333333333334,Low
CUST004166,0.14333333333333334,Low
CUST000828,0.14333333333333334,Low
CUST000514,0.14333333333333334,Low
CUST001784,0.14333333333333334,Low
CUST003720,0.14333333333333334,Low
CUST001600,0.14333333333333334,Low
CUST005300,0.14333333333333334,Low
CUST002604,0.14333333333333334,Low
CUST005381,0.14333333333333334,Low
CUST000613,0.14333333333333334,Low
CUST005446,0.14333333333333334,Low
CUST006153,0.14333333333333334,Low
CUST003137,0.14333333333333334,Low
CUST007300,0.14333333333333334,Low
CUST001509,0.14333333333333334,Low
CUST006401,0.14333333333333334,Low
CUST001089,0.14333333333333334,Low
CUST003602,0.14333333333333334,Low
CUST002716,0.14,Low
CUST001539,0.14,Low
CUST007633,0.14,Low
CUST006179,0.14,Low
CUST004509,0.14,Low
CUST003747,0.14,Low
CUST003799,0.14,Low
CUST002352,0.14,Low
CUST004793,0.14,Low
CUST004786,0.14,Low
CUST005468,0.14,Low
CUST003864,0.14,Low
CUST005563,0.14,Low
CUST007413,0.14,Low
CUST001099,0.14,Low
CUST001153,0.14,Low
CUST000972,0.14,Low
CUST007687,0.14,Low
CUST001359,0.14,Low
CUST001388,0.14,Low
CUST005932,0.14,Low
CUST000115,0.14,Low
CUST002979,0.14,Low
CUST001955,0.14,Low
CUST000566,0.14,Low
CUST001307,0.14,Low
CUST002937,0.14,Low
CUST006736,0.14,Low
CUST003524,0.14,Low
CUST000696,0.14,Low
CUST007215,0.14,Low
CUST004163,0.14,Low
CUST000858,0.14,Low
CUST007932,0.14,Low
CUST000650,0.14,Low
CUST006866,0.14,Low
CUST000715,0.14,Low
CUST005007,0.14,Low
CUST002478,0.14,Low
CUST004167,0.14,Low
CUST007652,0.14,Low
CUST007213,0.14,Low
CUST001412,0.14,Low
CUST001430,0.14,Low
CUST006078,0.14,Low
CUST007584,0.14,Low
CUST007077,0.14,Low
CUST005072,0.14,Low
CUST003999,0.14,Low
CUST007880,0.14,Low
CUST007871,0.14,Low
CUST000416,0.14,Low
CUST004428,0.14,Low
CUST002441,0.14,Low
CUST001407,0.14,Low
CUST001406,0.14,Low
CUST002780,0.14,Low
CUST007665,0.14,Low
CUST003819,0.14,Low
CUST003737,0.14,Low
CUST005729,0.14,Low
CUST007201,0.14,Low
CUST006478,0.14,Low
CUST004897,0.14,Low
CUST001989,0.14,Low
CUST004860,0.14,Low
CUST000781,0.14,Low
CUST005983,0.14,Low
CUST004269,0.14,Low
CUST003566,0.14,Low
CUST007570,0.14,Low
CUST006325,0.14,Low
CUST006828,0.14,Low
CUST001859,0.14,Low
CUST001857,0.14,Low
CUST000490,0.14,Low
CUST002188,0.14,Low
CUST004686,0.14,Low
CUST006672,0.14,Low
CUST006671,0.14,Low
CUST004475,0.14,Low
CUST004892,0.14,Low
CUST002386,0.14,Low
CUST002993,0.14,Low
CUST004434,0.14,Low
CUST003928,0.14,Low
CUST001721,0.14,Low
CUST004777,0.14,Low
CUST004424,0.14,Low
CUST000944,0.14,Low
CUST004809,0.14,Low
CUST007049,0.14,Low
CUST007043,0.14,Low
CUST002583,0.14,Low
CUST000606,0.14,Low
CUST003696,0.14,Low
CUST007503,0.14,Low
CUST006137,0.14,Low
CUST001201,0.14,Low
CUST003782,0.14,Low
CUST005477,0.14,Low
CUST004643,0.14,Low
CUST007284,0.14,Low
CUST004593,0.13666666666666666,Low
CUST000424,0.13666666666666666,Low
CUST005471,0.13666666666666666,Low
CUST007459,0.13666666666666666,Low
CUST004810,0.13666666666666666,Low
CUST001617,0.13666666666666666,Low
CUST004512,0.13666666666666666,Low
CUST000040,0.13666666666666666,Low
CUST003774,0.13666666666666666,Low
CUST000450,0.13666666666666666,Low
CUST001286,0.13666666666666666,Low
CUST007260,0.13666666666666666,Low
CUST004532,0.13666666666666666,Low
CUST003848,0.13666666666666666,Low
CUST005374,0.13666666666666666,Low
CUST001848,0.13666666666666666,Low
CUST003514,0.13666666666666666,Low
CUST001451,0.13666666666666666,Low
CUST007402,0.13666666666666666,Low
CUST001814,0.13666666666666666,Low
CUST002314,0.13666666666666666,Low
CUST007506,0.13666666666666666,Low
CUST005783,0.13666666666666666,Low
CUST005784,0.13666666666666666,Low
CUST001839,0.13666666666666666,Low
CUST002906,0.13666666666666666,Low
CUST005186,0.13666666666666666,Low
CUST006082,0.13666666666666666,Low
CUST003636,0.13666666666666666,Low
CUST003060,0.13666666666666666,Low
CUST001043,0.13666666666666666,Low
CUST004102,0.13666666666666666,Low
CUST004078,0.13666666666666666,Low
CUST004091,0.13666666666666666,Low
CUST001300,0.13666666666666666,Low
CUST006114,0.13666666666666666,Low
CUST006354,0.13666666666666666,Low
CUST001842,0.13666666666666666,Low
CUST003552,0.13666666666666666,Low
CUST001292,0.13666666666666666,Low
CUST003179,0.13666666666666666,Low
CUST006892,0.13666666666666666,Low
CUST005384,0.13666666666666666,Low
CUST006313,0.13666666666666666,Low
CUST002870,0.13666666666666666,Low
CUST002871,0.13666666666666666,Low
CUST002883,0.13666666666666666,Low
CUST003526,0.13666666666666666,Low
CUST002287,0.13666666666666666,Low
CUST007629,0.13666666666666666,Low
CUST007165,0.13666666666666666,Low
CUST001589,0.13666666666666666,Low
CUST001159,0.13666666666666666,Low
CUST007714,0.13666666666666666,Low
CUST001676,0.13666666666666666,Low
CUST005406,0.13666666666666666,Low
CUST007721,0.13666666666666666,Low
CUST002732,0.13666666666666666,Low
CUST005074,0.13666666666666666,Low
CUST006052,0.13666666666666666,Low
CUST003392,0.13666666666666666,Low
CUST005047,0.13666666666666666,Low
CUST001953,0.13666666666666666,Low
CUST007739,0.13666666666666666,Low
CUST005896,0.13666666666666666,Low
CUST002915,0.13666666666666666,Low
CUST005019,0.13666666666666666,Low
CUST003544,0.13666666666666666,Low
CUST000289,0.13666666666666666,Low
CUST001761,0.13666666666666666,Low
CUST000527,0.13666666666666666,Low
CUST006057,0.13666666666666666,Low
CUST007295,0.13666666666666666,Low
CUST004728,0.13666666666666666,Low
CUST001296,0.13666666666666666,Low
CUST007465,0.13666666666666666,Low
CUST005539,0.13666666666666666,Low
CUST005969,0.13666666666666666,Low
CUST001974,0.13666666666666666,Low
CUST004937,0.13666666666666666,Low
CUST003342,0.13666666666666666,Low
CUST005960,0.13666666666666666,Low
CUST004248,0.13666666666666666,Low
CUST007228,0.13666666666666666,Low
CUST004347,0.13666666666666666,Low
CUST002044,0.13666666666666666,Low
CUST005651,0.13666666666666666,Low
CUST002654,0.13666666666666666,Low
CUST006879,0.13666666666666666,Low
CUST001717,0.13666666666666666,Low
CUST007039,0.13666666666666666,Low
CUST002966,0.13666666666666666,Low
CUST004885,0.13666666666666666,Low
CUST000731,0.13666666666666666,Low
CUST001008,0.13666666666666666,Low
CUST002362,0.13666666666666666,Low
CUST006639,0.13666666666666666,Low
CUST006142,0.13666666666666666,Low
CUST002237,0.13666666666666666,Low
CUST006655,0.13666666666666666,Low
CUST007634,0.13666666666666666,Low
CUST001533,0.13666666666666666,Low
CUST005357,0.13666666666666666,Low
CUST005361,0.13666666666666666,Low
CUST003630,0.13666666666666666,Low
CUST001101,0.13666666666666666,Low
CUST000019,0.13666666666666666,Low
CUST007999,0.13666666666666666,Low
CUST000030,0.13333333333333333,Low
CUST006184,0.13333333333333333,Low
CUST006124,0.13333333333333333,Low
CUST003766,0.13333333333333333,Low
CUST000036,0.13333333333333333,Low
CUST002249,0.13333333333333333,Low
CUST003754,0.13333333333333333,Low
CUST006437,0.13333333333333333,Low
CUST002727,0.13333333333333333,Low
CUST007644,0.13333333333333333,Low
CUST000191,0.13333333333333333,Low
CUST001518,0.13333333333333333,Low
CUST001537,0.13333333333333333,Low
CUST001748,0.13333333333333333,Low
CUST003617,0.13333333333333333,Low
CUST005652,0.13333333333333333,Low
CUST005673,0.13333333333333333,Low
CUST006491,0.13333333333333333,Low
CUST003545,0.13333333333333333,Low
CUST005271,0.13333333333333333,Low
CUST005269,0.13333333333333333,Low
CUST002571,0.13333333333333333,Low
CUST002289,0.13333333333333333,Low
CUST000812,0.13333333333333333,Low
CUST004071,0.13333333333333333,Low
CUST007774,0.13333333333333333,Low
CUST004069,0.13333333333333333,Low
CUST007390,0.13333333333333333,Low
CUST004059,0.13333333333333333,Low
CUST005792,0.13333333333333333,Low
CUST007518,0.13333333333333333,Low
CUST006332,0.13333333333333333,Low
CUST003217,0.13333333333333333,Low
CUST000904,0.13333333333333333,Low
CUST004072,0.13333333333333333,Low
CUST004104,0.13333333333333333,Low
CUST001041,0.13333333333333333,Low
CUST007088,0.13333333333333333,Low
CUST005594,0.13333333333333333,Low
CUST005611,0.13333333333333333,Low
CUST006952,0.13333333333333333,Low
CUST006895,0.13333333333333333,Low
CUST007651,0.13333333333333333,Low
CUST001411,0.13333333333333333,Low
CUST007676,0.13333333333333333,Low
CUST006241,0.13333333333333333,Low
CUST003168,0.13333333333333333,Low
CUST002469,0.13333333333333333,Low
CUST002508,0.13333333333333333,Low
CUST007540,0.13333333333333333,Low
CUST007370,0.13333333333333333,Low
CUST001929,0.13333333333333333,Low
CUST005122,0.13333333333333333,Low
CUST005035,0.13333333333333333,Low
CUST006810,0.13333333333333333,Low
CUST001940,0.13333333333333333,Low
CUST001426,0.13333333333333333,Low
CUST005860,0.13333333333333333,Low
CUST002935,0.13333333333333333,Low
CUST005599,0.13333333333333333,Low
CUST003834,0.13333333333333333,Low
CUST001156,0.13333333333333333,Low
CUST000103,0.13333333333333333,Low
CUST005039,0.13333333333333333,Low
CUST006797,0.13333333333333333,Low
CUST002450,0.13333333333333333,Low
CUST002471,0.13333333333333333,Low
CUST004225,0.13333333333333333,Low
CUST006788,0.13333333333333333,Low
CUST004239,0.13333333333333333,Low
CUST001978,0.13333333333333333,Low
CUST005962,0.13333333333333333,Low
CUST006996,0.13333333333333333,Low
CUST005429,0.13333333333333333,Low
CUST005419,0.13333333333333333,Low
CUST003826,0.13333333333333333,Low
CUST002679,0.13333333333333333,Low
CUST000250,0.13333333333333333,Low
CUST004278,0.13333333333333333,Low
CUST004906,0.13333333333333333,Low
CUST007769,0.13333333333333333,Low
CUST007763,0.13333333333333333,Low
CUST007761,0.13333333333333333,Low
CUST002330,0.13333333333333333,Low
CUST001198,0.13333333333333333,Low
CUST007098,0.13333333333333333,Low
CUST004353,0.13333333333333333,Low
CUST004836,0.13333333333333333,Low
CUST004477,0.13333333333333333,Low
CUST006145,0.13333333333333333,Low
CUST005448,0.13333333333333333,Low
CUST006914,0.13333333333333333,Low
CUST004622,0.13333333333333333,Low
CUST004526,0.13333333333333333,Low
CUST007980,0.13333333333333333,Low
CUST002743,0.13333333333333333,Low
CUST000770,0.13,Low
CUST007793,0.13,Low
CUST004642,0.13,Low
CUST002182,0.13,Low
CUST001289,0.13,Low
CUST002279,0.13,Low
CUST003849,0.13,Low
CUST007249,0.13,Low
CUST006951,0.13,Low
CUST007549,0.13,Low
CUST006021,0.13,Low
CUST000662,0.13,Low
CUST002130,0.13,Low
CUST007064,0.13,Low
CUST001293,0.13,Low
CUST006055,0.13,Low
CUST007872,0.13,Low
CUST006044,0.13,Low
CUST001666,0.13,Low
CUST004415,0.13,Low
CUST000871,0.13,Low
CUST007487,0.13,Low
CUST003707,0.13,Low
CUST007454,0.13,Low
CUST007067,0.13,Low
CUST003053,0.13,Low
CUST002282,0.13,Low
CUST002174,0.13,Low
CUST002197,0.13,Low
CUST003287,0.13,Low
CUST006479,0.13,Low
CUST007325,0.13,Low
CUST005436,0.13,Low
CUST006005,0.13,Low
CUST000934,0.13,Low
CUST006033,0.13,Low
CUST005372,0.13,Low
CUST004875,0.13,Low
CUST003035,0.13,Low
CUST003456,0.13,Low
CUST001419,0.13,Low
CUST004055,0.13,Low
CUST000468,0.13,Low
CUST002247,0.13,Low
CUST001154,0.13,Low
CUST001811,0.13,Low
CUST006341,0.13,Low
CUST004587,0.13,Low
CUST004556,0.13,Low
CUST000452,0.13,Low
CUST006237,0.13,Low
CUST006120,0.13,Low
CUST006125,0.13,Low
CUST006329,0.13,Low
CUST003530,0.13,Low
CUST002553,0.13,Low
CUST005189,0.13,Low
CUST002896,0.13,Low
CUST004057,0.13,Low
CUST001873,0.13,Low
CUST006176,0.13,Low
CUST006568,0.13,Low
CUST006807,0.13,Low
CUST002936,0.13,Low
CUST002939,0.13,Low
CUST000546,0.13,Low
CUST004281,0.13,Low
CUST004233,0.13,Low
CUST002630,0.13,Low
CUST003417,0.13,Low
CUST006581,0.13,Low
CUST000297,0.13,Low
CUST000880,0.13,Low
CUST001986,0.13,Low
CUST005945,0.13,Low
CUST005342,0.13,Low
CUST000329,0.13,Low
CUST005362,0.13,Low
CUST004922,0.13,Low
CUST000505,0.13,Low
CUST002409,0.13,Low
CUST002645,0.13,Low
CUST005329,0.13,Low
CUST006869,0.13,Low
CUST002418,0.13,Low
CUST003351,0.13,Low
CUST007018,0.13,Low
CUST003879,0.13,Low
CUST006885,0.13,Low
CUST007020,0.13,Low
CUST003362,0.13,Low
CUST002989,0.13,Low
CUST006269,0.13,Low
CUST007357,0.13,Low
CUST001887,0.13,Low
CUST001742,0.13,Low
CUST000118,0.13,Low
CUST005124,0.13,Low
CUST004360,0.12666666666666668,Low
CUST000732,0.12666666666666668,Low
CUST004326,0.12666666666666668,Low
CUST004879,0.12666666666666668,Low
CUST005616,0.12666666666666668,Low
CUST003665,0.12666666666666668,Low
CUST003263,0.12666666666666668,Low
CUST002785,0.12666666666666668,Low
CUST000862,0.12666666666666668,Low
CUST003855,0.12666666666666668,Low
CUST000485,0.12666666666666668,Low
CUST004440,0.12666666666666668,Low
CUST003194,0.12666666666666668,Low
CUST005535,0.12666666666666668,Low
CUST007082,0.12666666666666668,Low
CUST000430,0.12666666666666668,Low
CUST000435,0.12666666666666668,Low
CUST006003,0.12666666666666668,Low
CUST005377,0.12666666666666668,Low
CUST002140,0.12666666666666668,Low
CUST000368,0.12666666666666668,Low
CUST003029,0.12666666666666668,Low
CUST007296,0.12666666666666668,Low
CUST000635,0.12666666666666668,Low
CUST002334,0.12666666666666668,Low
CUST006418,0.12666666666666668,Low
CUST004669,0.12666666666666668,Low
CUST002729,0.12666666666666668,Low
CUST007789,0.12666666666666668,Low
CUST007792,0.12666666666666668,Low
CUST002735,0.12666666666666668,Low
CUST000069,0.12666666666666668,Low
CUST002234,0.12666666666666668,Low
CUST004650,0.12666666666666668,Low
CUST002272,0.12666666666666668,Low
CUST007451,0.12666666666666668,Low
CUST000418,0.12666666666666668,Low
CUST007285,0.12666666666666668,Low
CUST004523,0.12666666666666668,Low
CUST000610,0.12666666666666668,Low
CUST006202,0.12666666666666668,Low
CUST006185,0.12666666666666668,Low
CUST003118,0.12666666666666668,Low
CUST005532,0.12666666666666668,Low
CUST006684,0.12666666666666668,Low
CUST003175,0.12666666666666668,Low
CUST005449,0.12666666666666668,Low
CUST003759,0.12666666666666668,Low
CUST005514,0.12666666666666668,Low
CUST002190,0.12666666666666668,Low
CUST007903,0.12666666666666668,Low
CUST007578,0.12666666666666668,Low
CUST001563,0.12666666666666668,Low
CUST001294,0.12666666666666668,Low
CUST005327,0.12666666666666668,Low
CUST003313,0.12666666666666668,Low
CUST001684,0.12666666666666668,Low
CUST001725,0.12666666666666668,Low
CUST006264,0.12666666666666668,Low
CUST005687,0.12666666666666668,Low
CUST000167,0.12666666666666668,Low
CUST001521,0.12666666666666668,Low
CUST002592,0.12666666666666668,Low
CUST003399,0.12666666666666668,Low
CUST000932,0.12666666666666668,Low
CUST000544,0.12666666666666668,Low
CUST007610,0.12666666666666668,Low
CUST002927,0.12666666666666668,Low
CUST001408,0.12666666666666668,Low
CUST004966,0.12666666666666668,Low
CUST006775,0.12666666666666668,Low
CUST004984,0.12666666666666668,Low
CUST003943,0.12666666666666668,Low
CUST004972,0.12666666666666668,Low
CUST004971,0.12666666666666668,Low
CUST003344,0.12666666666666668,Low
CUST006597,0.12666666666666668,Low
CUST001973,0.12666666666666668,Low
CUST003887,0.12666666666666668,Low
CUST003298,0.12666666666666668,Low
CUST004299,0.12666666666666668,Low
CUST004295,0.12666666666666668,Low
CUST007008,0.12666666666666668,Low
CUST002020,0.12666666666666668,Low
CUST002002,0.12666666666666668,Low
CUST002040,0.12666666666666668,Low
CUST004899,0.12666666666666668,Low
CUST006871,0.12666666666666668,Low
CUST002011,0.12666666666666668,Low
CUST005676,0.12666666666666668,Low
CUST006979,0.12666666666666668,Low
CUST002521,0.12666666666666668,Low
CUST004106,0.12666666666666668,Low
CUST004074,0.12666666666666668,Low
CUST000893,0.12666666666666668,Low
CUST002846,0.12666666666666668,Low
CUST003592,0.12666666666666668,Low
CUST001782,0.12666666666666668,Low
CUST005822,0.12666666666666668,Low
CUST005102,0.12666666666666668,Low
CUST005821,0.12666666666666668,Low
CUST005284,0.12666666666666668,Low
CUST005276,0.12666666666666668,Low
CUST001765,0.12666666666666668,Low
CUST000686,0.12666666666666668,Low
CUST000681,0.12666666666666668,Low
CUST007161,0.12666666666666668,Low
CUST006805,0.12666666666666668,Low
CUST006323,0.12666666666666668,Low
CUST005892,0.12666666666666668,Low
CUST007822,0.12666666666666668,Low
CUST003474,0.12666666666666668,Low
CUST001880,0.12666666666666668,Low
CUST003494,0.12666666666666668,Low
CUST003502,0.12666666666666668,Low
CUST003555,0.12666666666666668,Low
CUST007810,0.12666666666666668,Low
CUST000556,0.12666666666666668,Low
CUST006831,0.12666666666666668,Low
CUST002858,0.12666666666666668,Low
CUST002833,0.12666666666666668,Low
CUST001206,0.12666666666666668,Low
CUST000762,0.12666666666666668,Low
CUST004519,0.12333333333333334,Low
CUST001647,0.12333333333333334,Low
CUST007288,0.12333333333333334,Low
CUST006432,0.12333333333333334,Low
CUST002725,0.12333333333333334,Low
CUST005216,0.12333333333333334,Low
CUST005188,0.12333333333333334,Low
CUST004009,0.12333333333333334,Low
CUST000454,0.12333333333333334,Low
CUST004567,0.12333333333333334,Low
CUST007147,0.12333333333333334,Low
CUST005772,0.12333333333333334,Low
CUST004053,0.12333333333333334,Low
CUST005240,0.12333333333333334,Low
CUST003746,0.12333333333333334,Low
CUST002181,0.12333333333333334,Low
CUST004493,0.12333333333333334,Low
CUST005733,0.12333333333333334,Low
CUST000830,0.12333333333333334,Low
CUST004097,0.12333333333333334,Low
CUST004488,0.12333333333333334,Low
CUST005177,0.12333333333333334,Low
CUST003727,0.12333333333333334,Low
CUST007135,0.12333333333333334,Low
CUST000674,0.12333333333333334,Low
CUST006922,0.12333333333333334,Low
CUST006112,0.12333333333333334,Low
CUST000087,0.12333333333333334,Low
CUST003532,0.12333333333333334,Low
CUST006245,0.12333333333333334,Low
CUST003045,0.12333333333333334,Low
CUST003484,0.12333333333333334,Low
CUST001299,0.12333333333333334,Low
CUST000701,0.12333333333333334,Low
CUST005070,0.12333333333333334,Low
CUST004427,0.12333333333333334,Low
CUST002924,0.12333333333333334,Low
CUST006515,0.12333333333333334,Low
CUST001777,0.12333333333333334,Low
CUST007624,0.12333333333333334,Low
CUST007453,0.12333333333333334,Low
CUST001614,0.12333333333333334,Low
CUST005110,0.12333333333333334,Low
CUST001442,0.12333333333333334,Low
CUST005426,0.12333333333333334,Low
CUST006171,0.12333333333333334,Low
CUST004581,0.12333333333333334,Low
CUST006167,0.12333333333333334,Low
CUST003614,0.12333333333333334,Low
CUST001534,0.12333333333333334,Low
CUST007600,0.12333333333333334,Low
CUST002224,0.12333333333333334,Low
CUST007504,0.12333333333333334,Low
CUST004310,0.12333333333333334,Low
CUST003944,0.12333333333333334,Low
CUST003611,0.12333333333333334,Low
CUST002967,0.12333333333333334,Low
CUST007562,0.12333333333333334,Low
CUST006391,0.12333333333333334,Low
CUST007022,0.12333333333333334,Low
CUST004288,0.12333333333333334,Low
CUST002114,0.12333333333333334,Low
CUST002104,0.12333333333333334,Low
CUST006009,0.12333333333333334,Low
CUST001197,0.12333333333333334,Low
CUST004183,0.12333333333333334,Low
CUST007128,0.12333333333333334,Low
CUST005923,0.12333333333333334,Low
CUST005899,0.12333333333333334,Low
CUST006790,0.12333333333333334,Low
CUST006780,0.12333333333333334,Low
CUST005023,0.12333333333333334,Low
CUST000917,0.12333333333333334,Low
CUST001581,0.12333333333333334,Low
CUST005587,0.12333333333333334,Low
CUST005393,0.12333333333333334,Low
CUST003268,0.12333333333333334,Low
CUST002099,0.12333333333333334,Low
CUST004755,0.12333333333333334,Low
CUST000083,0.12333333333333334,Low
CUST004772,0.12333333333333334,Low
CUST002781,0.12333333333333334,Low
CUST001485,0.12333333333333334,Low
CUST004776,0.12333333333333334,Low
CUST003393,0.12333333333333334,Low
CUST001187,0.12333333333333334,Low
CUST005305,0.12333333333333334,Low
CUST002842,0.12333333333333334,Low
CUST006409,0.12333333333333334,Low
CUST005889,0.12333333333333334,Low
CUST000869,0.12333333333333334,Low
CUST002660,0.12333333333333334,Low
CUST006046,0.12333333333333334,Low
CUST004980,0.12333333333333334,Low
CUST007488,0.12333333333333334,Low
CUST005345,0.12333333333333334,Low
CUST007661,0.12333333333333334,Low
CUST006873,0.12333333333333334,Low
CUST000551,0.12333333333333334,Low
CUST000948,0.12333333333333334,Low
CUST000835,0.12,Low
CUST007211,0.12,Low
CUST005139,0.12,Low
CUST004724,0.12,Low
CUST002745,0.12,Low
CUST001440,0.12,Low
CUST007888,0.12,Low
CUST000579,0.12,Low
CUST000584,0.12,Low
CUST001927,0.12,Low
CUST005870,0.12,Low
CUST007542,0.12,Low
CUST007538,0.12,Low
CUST006070,0.12,Low
CUST006735,0.12,Low
CUST007372,0.12,Low
CUST001584,0.12,Low
CUST003744,0.12,Low
CUST002184,0.12,Low
CUST001856,0.12,Low
CUST005761,0.12,Low
CUST005735,0.12,Low
CUST007087,0.12,Low
CUST003070,0.12,Low
CUST002526,0.12,Low
CUST001240,0.12,Low
CUST002232,0.12,Low
CUST007917,0.12,Low
CUST001626,0.12,Low
CUST005456,0.12,Low
CUST007801,0.12,Low
CUST000987,0.12,Low
CUST007290,0.12,Low
CUST007405,0.12,Low
CUST005760,0.12,Low
CUST002837,0.12,Low
CUST000453,0.12,Low
CUST005791,0.12,Low
CUST005785,0.12,Low
CUST000177,0.12,Low
CUST006961,0.12,Low
CUST005829,0.12,Low
CUST003501,0.12,Low
CUST002866,0.12,Low
CUST002869,0.12,Low
CUST007785,0.12,Low
CUST007753,0.12,Low
CUST003154,0.12,Low
CUST003560,0.12,Low
CUST001162,0.12,Low
CUST005884,0.12,Low
CUST002784,0.12,Low
CUST004472,0.12,Low
CUST000633,0.12,Low
CUST000076,0.12,Low
CUST006038,0.12,Low
CUST003247,0.12,Low
CUST006627,0.12,Low
CUST006634,0.12,Low
CUST000475,0.12,Low
CUST001380,0.12,Low
CUST003866,0.12,Low
CUST003267,0.12,Low
CUST002772,0.12,Low
CUST003015,0.12,Low
CUST005013,0.12,Low
CUST001190,0.12,Low
CUST002348,0.12,Low
CUST006295,0.12,Low
CUST005043,0.12,Low
CUST006802,0.12,Low
CUST005885,0.12,Low
CUST006056,0.12,Low
CUST006380,0.12,Low
CUST001149,0.12,Low
CUST005064,0.12,Low
CUST000827,0.12,Low
CUST003833,0.12,Low
CUST003235,0.12,Low
CUST003728,0.12,Low
CUST006625,0.12,Low
CUST003286,0.12,Low
CUST004355,0.12,Low
CUST004358,0.12,Low
CUST006997,0.12,Low
CUST000793,0.12,Low
CUST007007,0.12,Low
CUST004847,0.12,Low
CUST004401,0.12,Low
CUST006600,0.12,Low
CUST003578,0.12,Low
CUST002436,0.12,Low
CUST006601,0.12,Low
CUST002010,0.12,Low
CUST000376,0.12,Low
CUST003676,0.12,Low
CUST003674,0.12,Low
CUST003694,0.12,Low
CUST005323,0.12,Low
CUST000196,0.12,Low
CUST001542,0.12,Low
CUST001535,0.12,Low
CUST000843,0.12,Low
CUST000534,0.12,Low
CUST003352,0.12,Low
CUST002360,0.12,Low
CUST005971,0.12,Low
CUST002828,0.12,Low
CUST005973,0.12,Low
CUST001342,0.12,Low
CUST000344,0.12,Low
CUST000001,0.12,Low
CUST002038,0.12,Low
CUST006207,0.12,Low
CUST004915,0.12,Low
CUST007859,0.12,Low
CUST004595,0.12,Low
CUST007604,0.12,Low
CUST001256,0.12,Low
CUST000798,0.12,Low
CUST000797,0.12,Low
CUST002254,0.11666666666666667,Low
CUST002225,0.11666666666666667,Low
CUST000437,0.11666666666666667,Low
CUST000013,0.11666666666666667,Low
CUST007605,0.11666666666666667,Low
CUST006135,0.11666666666666667,Low
CUST004528,0.11666666666666667,Low
CUST003136,0.11666666666666667,Low
CUST002235,0.11666666666666667,Low
CUST000215,0.11666666666666667,Low
CUST001340,0.11666666666666667,Low
CUST007566,0.11666666666666667,Low
CUST005634,0.11666666666666667,Low
CUST002818,0.11666666666666667,Low
CUST007332,0.11666666666666667,Low
CUST002039,0.11666666666666667,Low
CUST002408,0.11666666666666667,Low
CUST002407,0.11666666666666667,Low
CUST002004,0.11666666666666667,Low
CUST005977,0.11666666666666667,Low
CUST002653,0.11666666666666667,Low
CUST006395,0.11666666666666667,Low
CUST002663,0.11666666666666667,Low
CUST000739,0.11666666666666667,Low
CUST000734,0.11666666666666667,Low
CUST005020,0.11666666666666667,Low
CUST007725,0.11666666666666667,Low
CUST003390,0.11666666666666667,Low
CUST007090,0.11666666666666667,Low
CUST006801,0.11666666666666667,Low
CUST002958,0.11666666666666667,Low
CUST005394,0.11666666666666667,Low
CUST005940,0.11666666666666667,Low
CUST004869,0.11666666666666667,Low
CUST007434,0.11666666666666667,Low
CUST007495,0.11666666666666667,Low
CUST003692,0.11666666666666667,Low
CUST000591,0.11666666666666667,Low
CUST003281,0.11666666666666667,Low
CUST001981,0.11666666666666667,Low
CUST005942,0.11666666666666667,Low
CUST004314,0.11666666666666667,Low
CUST004317,0.11666666666666667,Low
CUST006267,0.11666666666666667,Low
CUST006270,0.11666666666666667,Low
CUST004340,0.11666666666666667,Low
CUST002043,0.11666666666666667,Low
CUST004952,0.11666666666666667,Low
CUST004262,0.11666666666666667,Low
CUST003962,0.11666666666666667,Low
CUST003948,0.11666666666666667,Low
CUST003288,0.11666666666666667,Low
CUST004970,0.11666666666666667,Low
CUST000920,0.11666666666666667,Low
CUST005950,0.11666666666666667,Low
CUST000741,0.11666666666666667,Low
CUST007724,0.11666666666666667,Low
CUST006633,0.11666666666666667,Low
CUST000890,0.11666666666666667,Low
CUST003074,0.11666666666666667,Low
CUST001284,0.11666666666666667,Low
CUST003541,0.11666666666666667,Low
CUST003461,0.11666666666666667,Low
CUST007707,0.11666666666666667,Low
CUST004083,0.11666666666666667,Low
CUST001042,0.11666666666666667,Low
CUST001077,0.11666666666666667,Low
CUST003749,0.11666666666666667,Low
CUST004495,0.11666666666666667,Low
CUST003791,0.11666666666666667,Low
CUST007277,0.11666666666666667,Low
CUST007907,0.11666666666666667,Low
CUST007477,0.11666666666666667,Low
CUST003124,0.11666666666666667,Low
CUST006847,0.11666666666666667,Low
CUST005529,0.11666666666666667,Low
CUST004504,0.11666666666666667,Low
CUST006344,0.11666666666666667,Low
CUST001588,0.11666666666666667,Low
CUST002503,0.11666666666666667,Low
CUST001889,0.11666666666666667,Low
CUST001017,0.11666666666666667,Low
CUST000139,0.11666666666666667,Low
CUST003434,0.11666666666666667,Low
CUST003012,0.11666666666666667,Low
CUST001142,0.11666666666666667,Low
CUST001912,0.11666666666666667,Low
CUST005226,0.11666666666666667,Low
CUST001787,0.11666666666666667,Low
CUST002761,0.11666666666666667,Low
CUST000121,0.11666666666666667,Low
CUST001639,0.11666666666666667,Low
CUST006247,0.11666666666666667,Low
CUST007070,0.11666666666666667,Low
CUST003038,0.11666666666666667,Low
CUST006252,0.11666666666666667,Low
CUST001218,0.11666666666666667,Low
CUST007628,0.11666666666666667,Low
CUST003990,0.11666666666666667,Low
CUST002596,0.11666666666666667,Low
CUST007030,0.11666666666666667,Low
CUST003251,0.11666666666666667,Low
CUST005880,0.11666666666666667,Low
CUST006040,0.11666666666666667,Low
CUST002578,0.11666666666666667,Low
CUST000236,0.11666666666666667,Low
CUST000877,0.11666666666666667,Low
CUST002091,0.11666666666666667,Low
CUST001520,0.11666666666666667,Low
CUST003984,0.11666666666666667,Low
CUST004383,0.11666666666666667,Low
CUST007317,0.11666666666666667,Low
CUST005048,0.11666666666666667,Low
CUST002916,0.11666666666666667,Low
CUST000107,0.11666666666666667,Low
CUST004037,0.11666666666666667,Low
CUST001484,0.11666666666666667,Low
CUST007809,0.11666666666666667,Low
CUST002567,0.11666666666666667,Low
CUST000451,0.11666666666666667,Low
CUST003750,0.11666666666666667,Low
CUST001833,0.11666666666666667,Low
CUST001867,0.11666666666666667,Low
CUST003475,0.11666666666666667,Low
CUST002165,0.11666666666666667,Low
CUST007084,0.11666666666666667,Low
CUST002195,0.11666666666666667,Low
CUST005134,0.11666666666666667,Low
CUST004471,0.11666666666666667,Low
CUST006546,0.11666666666666667,Low
CUST005108,0.11666666666666667,Low
CUST000426,0.11666666666666667,Low
CUST007762,0.11333333333333333,Low
CUST003276,0.11333333333333333,Low
CUST004349,0.11333333333333333,Low
CUST004903,0.11333333333333333,Low
CUST007345,0.11333333333333333,Low
CUST007551,0.11333333333333333,Low
CUST006606,0.11333333333333333,Low
CUST000590,0.11333333333333333,Low
CUST000482,0.11333333333333333,Low
CUST001032,0.11333333333333333,Low
CUST002365,0.11333333333333333,Low
CUST006995,0.11333333333333333,Low
CUST004366,0.11333333333333333,Low
CUST001382,0.11333333333333333,Low
CUST006484,0.11333333333333333,Low
CUST007192,0.11333333333333333,Low
CUST005355,0.11333333333333333,Low
CUST003323,0.11333333333333333,Low
CUST001718,0.11333333333333333,Low
CUST006712,0.11333333333333333,Low
CUST004573,0.11333333333333333,Low
CUST003764,0.11333333333333333,Low
CUST007606,0.11333333333333333,Low
CUST006216,0.11333333333333333,Low
CUST006148,0.11333333333333333,Low
CUST007601,0.11333333333333333,Low
CUST004540,0.11333333333333333,Low
CUST001224,0.11333333333333333,Low
CUST006181,0.11333333333333333,Low
CUST004920,0.11333333333333333,Low
CUST004921,0.11333333333333333,Low
CUST001512,0.11333333333333333,Low
CUST007743,0.11333333333333333,Low
CUST000842,0.11333333333333333,Low
CUST007017,0.11333333333333333,Low
CUST003314,0.11333333333333333,Low
CUST002381,0.11333333333333333,Low
CUST005972,0.11333333333333333,Low
CUST002618,0.11333333333333333,Low
CUST004354,0.11333333333333333,Low
CUST000785,0.11333333333333333,Low
CUST002439,0.11333333333333333,Low
CUST005998,0.11333333333333333,Low
CUST000503,0.11333333333333333,Low
CUST003938,0.11333333333333333,Low
CUST002638,0.11333333333333333,Low
CUST006865,0.11333333333333333,Low
CUST006796,0.11333333333333333,Low
CUST000541,0.11333333333333333,Low
CUST001189,0.11333333333333333,Low
CUST003269,0.11333333333333333,Low
CUST005002,0.11333333333333333,Low
CUST000837,0.11333333333333333,Low
CUST005606,0.11333333333333333,Low
CUST000864,0.11333333333333333,Low
CUST007321,0.11333333333333333,Low
CUST001304,0.11333333333333333,Low
CUST001311,0.11333333333333333,Low
CUST002495,0.11333333333333333,Low
CUST007047,0.11333333333333333,Low
CUST007217,0.11333333333333333,Low
CUST002933,0.11333333333333333,Low
CUST006898,0.11333333333333333,Low
CUST000263,0.11333333333333333,Low
CUST000261,0.11333333333333333,Low
CUST005909,0.11333333333333333,Low
CUST004436,0.11333333333333333,Low
CUST000369,0.11333333333333333,Low
CUST000392,0.11333333333333333,Low
CUST004839,0.11333333333333333,Low
CUST006034,0.11333333333333333,Low
CUST003394,0.11333333333333333,Low
CUST006656,0.11333333333333333,Low
CUST002134,0.11333333333333333,Low
CUST005029,0.11333333333333333,Low
CUST000693,0.11333333333333333,Low
CUST007536,0.11333333333333333,Low
CUST005873,0.11333333333333333,Low
CUST005075,0.11333333333333333,Low
CUST006249,0.11333333333333333,Low
CUST002790,0.11333333333333333,Low
CUST003010,0.11333333333333333,Low
CUST007298,0.11333333333333333,Low
CUST002487,0.11333333333333333,Low
CUST003467,0.11333333333333333,Low
CUST006096,0.11333333333333333,Low
CUST005702,0.11333333333333333,Low
CUST004467,0.11333333333333333,Low
CUST005428,0.11333333333333333,Low
CUST003814,0.11333333333333333,Low
CUST001643,0.11333333333333333,Low
CUST005524,0.11333333333333333,Low
CUST004685,0.11333333333333333,Low
CUST000973,0.11333333333333333,Low
CUST005141,0.11333333333333333,Low
CUST002275,0.11333333333333333,Low
CUST001287,0.11333333333333333,Low
CUST000061,0.11333333333333333,Low
CUST000757,0.11333333333333333,Low
CUST006324,0.11333333333333333,Low
CUST001837,0.11333333333333333,Low
CUST003777,0.11333333333333333,Low
CUST003496,0.11333333333333333,Low
CUST002850,0.11333333333333333,Low
CUST006973,0.11333333333333333,Low
CUST004568,0.11333333333333333,Low
CUST003519,0.11333333333333333,Low
CUST005217,0.11333333333333333,Low
CUST001449,0.11333333333333333,Low
CUST004048,0.11333333333333333,Low
CUST007908,0.11333333333333333,Low
CUST006214,0.11,Low
CUST000004,0.11,Low
CUST007966,0.11,Low
CUST007997,0.11,Low
CUST006164,0.11,Low
CUST006217,0.11,Low
CUST003094,0.11,Low
CUST000563,0.11,Low
CUST006573,0.11,Low
CUST006569,0.11,Low
CUST006592,0.11,Low
CUST007040,0.11,Low
CUST003209,0.11,Low
CUST007071,0.11,Low
CUST003026,0.11,Low
CUST007582,0.11,Low
CUST006086,0.11,Low
CUST001263,0.11,Low
CUST006586,0.11,Low
CUST004981,0.11,Low
CUST005105,0.11,Low
CUST005111,0.11,Low
CUST004080,0.11,Low
CUST007825,0.11,Low
CUST002300,0.11,Low
CUST007957,0.11,Low
CUST000957,0.11,Low
CUST000956,0.11,Low
CUST000981,0.11,Low
CUST004544,0.11,Low
CUST004638,0.11,Low
CUST006533,0.11,Low
CUST006843,0.11,Low
CUST006834,0.11,Low
CUST004066,0.11,Low
CUST004019,0.11,Low
CUST002560,0.11,Low
CUST004297,0.11,Low
CUST002404,0.11,Low
CUST000585,0.11,Low
CUST001790,0.11,Low
CUST002593,0.11,Low
CUST002631,0.11,Low
CUST006867,0.11,Low
CUST002183,0.11,Low
CUST001348,0.11,Low
CUST003367,0.11,Low
CUST003361,0.11,Low
CUST003923,0.11,Low
CUST004321,0.11,Low
CUST005336,0.11,Low
CUST005330,0.11,Low
CUST001701,0.11,Low
CUST000570,0.11,Low
CUST004327,0.11,Low
CUST004893,0.11,Low
CUST004886,0.11,Low
CUST005386,0.11,Low
CUST002698,0.11,Low
CUST003842,0.11,Low
CUST006464,0.11,Low
CUST003827,0.11,Low
CUST001005,0.11,Low
CUST004484,0.11,Low
CUST000404,0.11,Low
CUST003439,0.11,Low
CUST005901,0.11,Low
CUST003430,0.11,Low
CUST001401,0.11,Low
CUST003374,0.11,Low
CUST002704,0.11,Low
CUST005474,0.11,Low
CUST003802,0.11,Low
CUST002694,0.11,Low
CUST002738,0.11,Low
CUST003741,0.11,Low
CUST006729,0.11,Low
CUST000127,0.11,Low
CUST005848,0.11,Low
CUST005842,0.11,Low
CUST005840,0.11,Low
CUST005891,0.11,Low
CUST005509,0.11,Low
CUST001619,0.11,Low
CUST003725,0.11,Low
CUST000386,0.11,Low
CUST000933,0.11,Low
CUST003731,0.11,Low
CUST002347,0.11,Low
CUST004789,0.11,Low
CUST001128,0.11,Low
CUST001593,0.11,Low
CUST003536,0.11,Low
CUST005754,0.11,Low
CUST007512,0.11,Low
CUST005777,0.11,Low
CUST005808,0.11,Low
CUST000804,0.11,Low
CUST003498,0.11,Low
CUST003684,0.11,Low
CUST000643,0.11,Low
CUST005577,0.11,Low
CUST005571,0.11,Low
CUST002080,0.11,Low
CUST003586,0.11,Low
CUST001463,0.11,Low
CUST004462,0.11,Low
CUST002121,0.11,Low
CUST004389,0.11,Low
CUST001564,0.11,Low
CUST005621,0.11,Low
CUST003671,0.11,Low
CUST003653,0.11,Low
CUST000647,0.11,Low
CUST001152,0.11,Low
CUST003121,0.11,Low
CUST003106,0.11,Low
CUST006190,0.11,Low
CUST006186,0.11,Low
CUST004221,0.11,Low
CUST000930,0.11,Low
CUST001954,0.11,Low
CUST000338,0.11,Low
CUST003178,0.11,Low
CUST006231,0.11,Low
CUST006228,0.11,Low
CUST000447,0.11,Low
CUST000470,0.11,Low
CUST004579,0.11,Low
CUST004574,0.11,Low
CUST003130,0.10666666666666667,Low
CUST006160,0.10666666666666667,Low
CUST000776,0.10666666666666667,Low
CUST001984,0.10666666666666667,Low
CUST003126,0.10666666666666667,Low
CUST004627,0.10666666666666667,Low
CUST004620,0.10666666666666667,Low
CUST006367,0.10666666666666667,Low
CUST001492,0.10666666666666667,Low
CUST005681,0.10666666666666667,Low
CUST001963,0.10666666666666667,Low
CUST005628,0.10666666666666667,Low
CUST000841,0.10666666666666667,Low
CUST002804,0.10666666666666667,Low
CUST005664,0.10666666666666667,Low
CUST003620,0.10666666666666667,Low
CUST004469,0.10666666666666667,Low
CUST005609,0.10666666666666667,Low
CUST006960,0.10666666666666667,Low
CUST006657,0.10666666666666667,Low
CUST004476,0.10666666666666667,Low
CUST003643,0.10666666666666667,Low
CUST001422,0.10666666666666667,Low
CUST007837,0.10666666666666667,Low
CUST007834,0.10666666666666667,Low
CUST006921,0.10666666666666667,Low
CUST000620,0.10666666666666667,Low
CUST003683,0.10666666666666667,Low
CUST006407,0.10666666666666667,Low
CUST005786,0.10666666666666667,Low
CUST007672,0.10666666666666667,Low
CUST007777,0.10666666666666667,Low
CUST003537,0.10666666666666667,Low
CUST007732,0.10666666666666667,Low
CUST004796,0.10666666666666667,Low
CUST007878,0.10666666666666667,Low
CUST003565,0.10666666666666667,Low
CUST000147,0.10666666666666667,Low
CUST000158,0.10666666666666667,Low
CUST000144,0.10666666666666667,Low
CUST003547,0.10666666666666667,Low
CUST003546,0.10666666666666667,Low
CUST006351,0.10666666666666667,Low
CUST000129,0.10666666666666667,Low
CUST003463,0.10666666666666667,Low
CUST003466,0.10666666666666667,Low
CUST005850,0.10666666666666667,Low
CUST005865,0.10666666666666667,Low
CUST007134,0.10666666666666667,Low
CUST005512,0.10666666666666667,Low
CUST000366,0.10666666666666667,Low
CUST001616,0.10666666666666667,Low
CUST000962,0.10666666666666667,Low
CUST000967,0.10666666666666667,Low
CUST001609,0.10666666666666667,Low
CUST002767,0.10666666666666667,Low
CUST005550,0.10666666666666667,Low
CUST002760,0.10666666666666667,Low
CUST006753,0.10666666666666667,Low
CUST006314,0.10666666666666667,Low
CUST006811,0.10666666666666667,Low
CUST004153,0.10666666666666667,Low
CUST000548,0.10666666666666667,Low
CUST006065,0.10666666666666667,Low
CUST002008,0.10666666666666667,Low
CUST006594,0.10666666666666667,Low
CUST003236,0.10666666666666667,Low
CUST003170,0.10666666666666667,Low
CUST006081,0.10666666666666667,Low
CUST007587,0.10666666666666667,Low
CUST001267,0.10666666666666667,Low
CUST004562,0.10666666666666667,Low
CUST004139,0.10666666666666667,Low
CUST002511,0.10666666666666667,Low
CUST002505,0.10666666666666667,Low
CUST006012,0.10666666666666667,Low
CUST003258,0.10666666666666667,Low
CUST003322,0.10666666666666667,Low
CUST005333,0.10666666666666667,Low
CUST003325,0.10666666666666667,Low
CUST004678,0.10666666666666667,Low
CUST001372,0.10666666666666667,Low
CUST003316,0.10666666666666667,Low
CUST007003,0.10666666666666667,Low
CUST001789,0.10666666666666667,Low
CUST000586,0.10666666666666667,Low
CUST000582,0.10666666666666667,Low
CUST005303,0.10666666666666667,Low
CUST003950,0.10666666666666667,Low
CUST000267,0.10666666666666667,Low
CUST003335,0.10666666666666667,Low
CUST001734,0.10666666666666667,Low
CUST003447,0.10666666666666667,Low
CUST007197,0.10666666666666667,Low
CUST001660,0.10666666666666667,Low
CUST004361,0.10666666666666667,Low
CUST000600,0.10666666666666667,Low
CUST006617,0.10666666666666667,Low
CUST007199,0.10666666666666667,Low
CUST003822,0.10666666666666667,Low
CUST001392,0.10666666666666667,Low
CUST002954,0.10666666666666667,Low
CUST007616,0.10666666666666667,Low
CUST003397,0.10666666666666667,Low
CUST002714,0.10666666666666667,Low
CUST001107,0.10666666666666667,Low
CUST002693,0.10666666666666667,Low
CUST006200,0.10666666666666667,Low
CUST005171,0.10666666666666667,Low
CUST002565,0.10666666666666667,Low
CUST005161,0.10666666666666667,Low
CUST000308,0.10666666666666667,Low
CUST007700,0.10666666666666667,Low
CUST004957,0.10666666666666667,Low
CUST004238,0.10666666666666667,Low
CUST005114,0.10666666666666667,Low
CUST006825,0.10666666666666667,Low
CUST002012,0.10666666666666667,Low
CUST007821,0.10666666666666667,Low
CUST006690,0.10666666666666667,Low
CUST004667,0.10666666666666667,Low
CUST002395,0.10666666666666667,Low
CUST007513,0.10333333333333333,Low
CUST006436,0.10333333333333333,Low
CUST000462,0.10333333333333333,Low
CUST004722,0.10333333333333333,Low
CUST006637,0.10333333333333333,Low
CUST001603,0.10333333333333333,Low
CUST001610,0.10333333333333333,Low
CUST004831,0.10333333333333333,Low
CUST004830,0.10333333333333333,Low
CUST004385,0.10333333333333333,Low
CUST006416,0.10333333333333333,Low
CUST001551,0.10333333333333333,Low
CUST000627,0.10333333333333333,Low
CUST005601,0.10333333333333333,Low
CUST005833,0.10333333333333333,Low
CUST006937,0.10333333333333333,Low
CUST003658,0.10333333333333333,Low
CUST005650,0.10333333333333333,Low
CUST005674,0.10333333333333333,Low
CUST006363,0.10333333333333333,Low
CUST007155,0.10333333333333333,Low
CUST004729,0.10333333333333333,Low
CUST006713,0.10333333333333333,Low
CUST000378,0.10333333333333333,Low
CUST002158,0.10333333333333333,Low
CUST000916,0.10333333333333333,Low
CUST001966,0.10333333333333333,Low
CUST006132,0.10333333333333333,Low
CUST000773,0.10333333333333333,Low
CUST002481,0.10333333333333333,Low
CUST003127,0.10333333333333333,Low
CUST000027,0.10333333333333333,Low
CUST002338,0.10333333333333333,Low
CUST002331,0.10333333333333333,Low
CUST004412,0.10333333333333333,Low
CUST004770,0.10333333333333333,Low
CUST002083,0.10333333333333333,Low
CUST004452,0.10333333333333333,Low
CUST007866,0.10333333333333333,Low
CUST000824,0.10333333333333333,Low
CUST002769,0.10333333333333333,Low
CUST005825,0.10333333333333333,Low
CUST001418,0.10333333333333333,Low
CUST002451,0.10333333333333333,Low
CUST000411,0.10333333333333333,Low
CUST003645,0.10333333333333333,Low
CUST003672,0.10333333333333333,Low
CUST005900,0.10333333333333333,Low
CUST003817,0.10333333333333333,Low
CUST007394,0.10333333333333333,Low
CUST002579,0.10333333333333333,Low
CUST005210,0.10333333333333333,Low
CUST004018,0.10333333333333333,Low
CUST002559,0.10333333333333333,Low
CUST007897,0.10333333333333333,Low
CUST002361,0.10333333333333333,Low
CUST002572,0.10333333333333333,Low
CUST003958,0.10333333333333333,Low
CUST003981,0.10333333333333333,Low
CUST002650,0.10333333333333333,Low
CUST001355,0.10333333333333333,Low
CUST007000,0.10333333333333333,Low
CUST003358,0.10333333333333333,Low
CUST004683,0.10333333333333333,Low
CUST003941,0.10333333333333333,Low
CUST003312,0.10333333333333333,Low
CUST002919,0.10333333333333333,Low
CUST007941,0.10333333333333333,Low
CUST001644,0.10333333333333333,Low
CUST005476,0.10333333333333333,Low
CUST000275,0.10333333333333333,Low
CUST000241,0.10333333333333333,Low
CUST002172,0.10333333333333333,Low
CUST003857,0.10333333333333333,Low
CUST001693,0.10333333333333333,Low
CUST004330,0.10333333333333333,Low
CUST001689,0.10333333333333333,Low
CUST004859,0.10333333333333333,Low
CUST004895,0.10333333333333333,Low
CUST004348,0.10333333333333333,Low
CUST004328,0.10333333333333333,Low
CUST005117,0.10333333333333333,Low
CUST005144,0.10333333333333333,Low
CUST001057,0.10333333333333333,Low
CUST000902,0.10333333333333333,Low
CUST005148,0.10333333333333333,Low
CUST006827,0.10333333333333333,Low
CUST001892,0.10333333333333333,Low
CUST004284,0.10333333333333333,Low
CUST005987,0.10333333333333333,Low
CUST007100,0.10333333333333333,Low
CUST007278,0.10333333333333333,Low
CUST007956,0.10333333333333333,Low
CUST002990,0.10333333333333333,Low
CUST002003,0.10333333333333333,Low
CUST006765,0.10333333333333333,Low
CUST001831,0.10333333333333333,Low
CUST007396,0.10333333333333333,Low
CUST005107,0.10333333333333333,Low
CUST004141,0.10333333333333333,Low
CUST003067,0.10333333333333333,Low
CUST007058,0.10333333333333333,Low
CUST006571,0.10333333333333333,Low
CUST001918,0.10333333333333333,Low
CUST002427,0.10333333333333333,Low
CUST001021,0.10333333333333333,Low
CUST000359,0.10333333333333333,Low
CUST000796,0.10333333333333333,Low
CUST002442,0.10333333333333333,Low
CUST001227,0.10333333333333333,Low
CUST006146,0.10333333333333333,Low
CUST006209,0.10333333333333333,Low
CUST000035,0.10333333333333333,Low
CUST001129,0.1,Low
CUST000201,0.1,Low
CUST006942,0.1,Low
CUST006935,0.1,Low
CUST007492,0.1,Low
CUST004979,0.1,Low
CUST001028,0.1,Low
CUST000517,0.1,Low
CUST001565,0.1,Low
CUST007664,0.1,Low
CUST000343,0.1,Low
CUST006403,0.1,Low
CUST003669,0.1,Low
CUST000213,0.1,Low
CUST006100,0.1,Low
CUST007359,0.1,Low
CUST001204,0.1,Low
CUST005081,0.1,Low
CUST000748,0.1,Low
CUST007356,0.1,Low
CUST006779,0.1,Low
CUST006755,0.1,Low
CUST006754,0.1,Low
CUST005553,0.1,Low
CUST004598,0.1,Low
CUST001243,0.1,Low
CUST004569,0.1,Low
CUST004563,0.1,Low
CUST002009,0.1,Low
CUST003237,0.1,Low
CUST007925,0.1,Low
CUST007319,0.1,Low
CUST001620,0.1,Low
CUST005502,0.1,Low
CUST007287,0.1,Low
CUST002742,0.1,Low
CUST007912,0.1,Low
CUST000529,0.1,Low
CUST005128,0.1,Low
CUST005090,0.1,Low
CUST004136,0.1,Low
CUST000965,0.1,Low
CUST003619,0.1,Low
CUST002367,0.1,Low
CUST003211,0.1,Low
CUST002805,0.1,Low
CUST002765,0.1,Low
CUST002794,0.1,Low
CUST007080,0.1,Low
CUST007365,0.1,Low
CUST007571,0.1,Low
CUST001056,0.1,Low
CUST006393,0.1,Low
CUST002712,0.1,Low
CUST003028,0.1,Low
CUST003609,0.1,Low
CUST000648,0.1,Low
CUST001109,0.1,Low
CUST005167,0.1,Low
CUST006819,0.1,Low
CUST007282,0.1,Low
CUST003625,0.1,Low
CUST001519,0.1,Low
CUST005494,0.1,Low
CUST002826,0.1,Low
CUST004375,0.1,Low
CUST001493,0.1,Low
CUST003007,0.1,Low
CUST004029,0.1,Low
CUST004913,0.1,Low
CUST004337,0.1,Low
CUST006196,0.1,Low
CUST006165,0.1,Low
CUST000441,0.1,Low
CUST006159,0.1,Low
CUST006219,0.1,Low
CUST004187,0.1,Low
CUST007972,0.1,Low
CUST006215,0.1,Low
CUST000589,0.1,Low
CUST007741,0.1,Low
CUST007516,0.1,Low
CUST006334,0.1,Low
CUST004379,0.1,Low
CUST003469,0.1,Low
CUST003531,0.1,Low
CUST003529,0.1,Low
CUST003360,0.1,Low
CUST003350,0.1,Low
CUST001326,0.1,Low
CUST007527,0.1,Low
CUST005766,0.1,Low
CUST001448,0.1,Low
CUST004682,0.1,Low
CUST005794,0.1,Low
CUST002893,0.1,Low
CUST000817,0.1,Low
CUST003472,0.1,Low
CUST007770,0.1,Low
CUST000942,0.1,Low
CUST006959,0.1,Low
CUST003825,0.1,Low
CUST005725,0.1,Low
CUST002533,0.1,Low
CUST002546,0.1,Low
CUST006532,0.1,Low
CUST004365,0.1,Low
CUST004369,0.1,Low
CUST003582,0.1,Low
CUST005182,0.1,Low
CUST004062,0.1,Low
CUST006829,0.1,Low
CUST007458,0.1,Low
CUST000148,0.1,Low
CUST005162,0.1,Low
CUST005995,0.1,Low
CUST001030,0.1,Low
CUST006316,0.1,Low
CUST006978,0.1,Low
CUST005584,0.1,Low
CUST001596,0.1,Low
CUST002276,0.1,Low
CUST006500,0.1,Low
CUST002628,0.1,Low
CUST004292,0.1,Low
CUST000284,0.1,Low
CUST007896,0.1,Low
CUST002978,0.1,Low
CUST003389,0.1,Low
CUST002946,0.1,Low
CUST005232,0.1,Low
CUST000459,0.1,Low
CUST001416,0.1,Low
CUST000124,0.1,Low
CUST007611,0.1,Low
CUST003419,0.1,Low
CUST000128,0.1,Low
CUST004910,0.1,Low
CUST007343,0.09666666666666666,Low
CUST007033,0.09666666666666666,Low
CUST001103,0.09666666666666666,Low
CUST001490,0.09666666666666666,Low
CUST007323,0.09666666666666666,Low
CUST004082,0.09666666666666666,Low
CUST003606,0.09666666666666666,Low
CUST003631,0.09666666666666666,Low
CUST003635,0.09666666666666666,Low
CUST001104,0.09666666666666666,Low
CUST004641,0.09666666666666666,Low
CUST006781,0.09666666666666666,Low
CUST001975,0.09666666666666666,Low
CUST007602,0.09666666666666666,Low
CUST005009,0.09666666666666666,Low
CUST006800,0.09666666666666666,Low
CUST002461,0.09666666666666666,Low
CUST005066,0.09666666666666666,Low
CUST004160,0.09666666666666666,Low
CUST007985,0.09666666666666666,Low
CUST000042,0.09666666666666666,Low
CUST000301,0.09666666666666666,Low
CUST005592,0.09666666666666666,Low
CUST003668,0.09666666666666666,Low
CUST000636,0.09666666666666666,Low
CUST001583,0.09666666666666666,Low
CUST006411,0.09666666666666666,Low
CUST000533,0.09666666666666666,Low
CUST005631,0.09666666666666666,Low
CUST003061,0.09666666666666666,Low
CUST002432,0.09666666666666666,Low
CUST002306,0.09666666666666666,Low
CUST007336,0.09666666666666666,Low
CUST003188,0.09666666666666666,Low
CUST003172,0.09666666666666666,Low
CUST002438,0.09666666666666666,Low
CUST004146,0.09666666666666666,Low
CUST007267,0.09666666666666666,Low
CUST001979,0.09666666666666666,Low
CUST002394,0.09666666666666666,Low
CUST007373,0.09666666666666666,Low
CUST000422,0.09666666666666666,Low
CUST002349,0.09666666666666666,Low
CUST003806,0.09666666666666666,Low
CUST002981,0.09666666666666666,Low
CUST007942,0.09666666666666666,Low
CUST006821,0.09666666666666666,Low
CUST005490,0.09666666666666666,Low
CUST007947,0.09666666666666666,Low
CUST005344,0.09666666666666666,Low
CUST004889,0.09666666666666666,Low
CUST005951,0.09666666666666666,Low
CUST001699,0.09666666666666666,Low
CUST007194,0.09666666666666666,Low
CUST001377,0.09666666666666666,Low
CUST004679,0.09666666666666666,Low
CUST002633,0.09666666666666666,Low
CUST005387,0.09666666666666666,Low
CUST002035,0.09666666666666666,Low
CUST007467,0.09666666666666666,Low
CUST000274,0.09666666666666666,Low
CUST000821,0.09666666666666666,Low
CUST007758,0.09666666666666666,Low
CUST002683,0.09666666666666666,Low
CUST000846,0.09666666666666666,Low
CUST005131,0.09666666666666666,Low
CUST007630,0.09666666666666666,Low
CUST006274,0.09666666666666666,Low
CUST000181,0.09666666666666666,Low
CUST007001,0.09666666666666666,Low
CUST001370,0.09666666666666666,Low
CUST007720,0.09666666666666666,Low
CUST006691,0.09666666666666666,Low
CUST004470,0.09666666666666666,Low
CUST002291,0.09666666666666666,Low
CUST001434,0.09666666666666666,Low
CUST000130,0.09666666666666666,Low
CUST006612,0.09666666666666666,Low
CUST007241,0.09666666666666666,Low
CUST007127,0.09666666666666666,Low
CUST001076,0.09666666666666666,Low
CUST005883,0.09666666666666666,Low
CUST006985,0.09666666666666666,Low
CUST002625,0.09666666666666666,Low
CUST007650,0.09666666666666666,Low
CUST005924,0.09666666666666666,Low
CUST005229,0.09666666666666666,Low
CUST007642,0.09666666666666666,Low
CUST002666,0.09666666666666666,Low
CUST002609,0.09666666666666666,Low
CUST003953,0.09666666666666666,Low
CUST006317,0.09666666666666666,Low
CUST005868,0.09666666666666666,Low
CUST003931,0.09666666666666666,Low
CUST002636,0.09666666666666666,Low
CUST000572,0.09666666666666666,Low
CUST004002,0.09666666666666666,Low
CUST002196,0.09666666666666666,Low
CUST006853,0.09666666666666666,Low
CUST003483,0.09666666666666666,Low
CUST006487,0.09666666666666666,Low
CUST000801,0.09666666666666666,Low
CUST005302,0.09666666666666666,Low
CUST004783,0.09666666666666666,Low
CUST007730,0.09666666666666666,Low
CUST003135,0.09666666666666666,Low
CUST000768,0.09666666666666666,Low
CUST002092,0.09333333333333334,Low
CUST000202,0.09333333333333334,Low
CUST000021,0.09333333333333334,Low
CUST003105,0.09333333333333334,Low
CUST003111,0.09333333333333334,Low
CUST003113,0.09333333333333334,Low
CUST000037,0.09333333333333334,Low
CUST002762,0.09333333333333334,Low
CUST007258,0.09333333333333334,Low
CUST004485,0.09333333333333334,Low
CUST006724,0.09333333333333334,Low
CUST006856,0.09333333333333334,Low
CUST001540,0.09333333333333334,Low
CUST001595,0.09333333333333334,Low
CUST005555,0.09333333333333334,Low
CUST007360,0.09333333333333334,Low
CUST001932,0.09333333333333334,Low
CUST001244,0.09333333333333334,Low
CUST003174,0.09333333333333334,Low
CUST003057,0.09333333333333334,Low
CUST005632,0.09333333333333334,Low
CUST005635,0.09333333333333334,Low
CUST005639,0.09333333333333334,Low
CUST004832,0.09333333333333334,Low
CUST005503,0.09333333333333334,Low
CUST005513,0.09333333333333334,Low
CUST004142,0.09333333333333334,Low
CUST001776,0.09333333333333334,Low
CUST005250,0.09333333333333334,Low
CUST002921,0.09333333333333334,Low
CUST007118,0.09333333333333334,Low
CUST007539,0.09333333333333334,Low
CUST004109,0.09333333333333334,Low
CUST007706,0.09333333333333334,Low
CUST007711,0.09333333333333334,Low
CUST007078,0.09333333333333334,Low
CUST004450,0.09333333333333334,Low
CUST003651,0.09333333333333334,Low
CUST007061,0.09333333333333334,Low
CUST007683,0.09333333333333334,Low
CUST002187,0.09333333333333334,Low
CUST000489,0.09333333333333334,Low
CUST000280,0.09333333333333334,Low
CUST005228,0.09333333333333334,Low
CUST005872,0.09333333333333334,Low
CUST002879,0.09333333333333334,Low
CUST006607,0.09333333333333334,Low
CUST006614,0.09333333333333334,Low
CUST005143,0.09333333333333334,Low
CUST004086,0.09333333333333334,Low
CUST004090,0.09333333333333334,Low
CUST000958,0.09333333333333334,Low
CUST007264,0.09333333333333334,Low
CUST002058,0.09333333333333334,Low
CUST007737,0.09333333333333334,Low
CUST006331,0.09333333333333334,Low
CUST001460,0.09333333333333334,Low
CUST006888,0.09333333333333334,Low
CUST005396,0.09333333333333334,Low
CUST006466,0.09333333333333334,Low
CUST007238,0.09333333333333334,Low
CUST005349,0.09333333333333334,Low
CUST003917,0.09333333333333334,Low
CUST006036,0.09333333333333334,Low
CUST001327,0.09333333333333334,Low
CUST003291,0.09333333333333334,Low
CUST003260,0.09333333333333334,Low
CUST004371,0.09333333333333334,Low
CUST004429,0.09333333333333334,Low
CUST007862,0.09333333333333334,Low
CUST006681,0.09333333333333334,Low
CUST004533,0.09333333333333334,Low
CUST004924,0.09333333333333334,Low
CUST002853,0.09333333333333334,Low
CUST002839,0.09333333333333334,Low
CUST000867,0.09333333333333334,Low
CUST006911,0.09333333333333334,Low
CUST002283,0.09333333333333334,Low
CUST000667,0.09333333333333334,Low
CUST002145,0.09333333333333334,Low
CUST003807,0.09333333333333334,Low
CUST007183,0.09333333333333334,Low
CUST005440,0.09333333333333334,Low
CUST005443,0.09333333333333334,Low
CUST007152,0.09333333333333334,Low
CUST000649,0.09333333333333334,Low
CUST003550,0.09333333333333334,Low
CUST003591,0.09333333333333334,Low
CUST007230,0.09333333333333334,Low
CUST007231,0.09333333333333334,Low
CUST002987,0.09333333333333334,Low
CUST001803,0.09333333333333334,Low
CUST000782,0.09333333333333334,Low
CUST004716,0.09333333333333334,Low
CUST002176,0.09333333333333334,Low
CUST006994,0.09333333333333334,Low
CUST003571,0.09333333333333334,Low
CUST005179,0.09333333333333334,Low
CUST002023,0.09333333333333334,Low
CUST007823,0.09333333333333334,Low
CUST001866,0.09333333333333334,Low
CUST006010,0.09333333333333334,Low
CUST006734,0.09333333333333334,Low
CUST001458,0.09333333333333334,Low
CUST000946,0.09333333333333334,Low
CUST004514,0.09333333333333334,Low
CUST004478,0.09333333333333334,Low
CUST005201,0.09333333333333334,Low
CUST001851,0.09333333333333334,Low
CUST005769,0.09333333333333334,Low
CUST004803,0.09333333333333334,Low
CUST004784,0.09333333333333334,Low
CUST000839,0.09333333333333334,Low
CUST005582,0.09333333333333334,Low
CUST001575,0.09333333333333334,Low
CUST000550,0.09333333333333334,Low
CUST005534,0.09333333333333334,Low
CUST004982,0.09333333333333334,Low
CUST007378,0.09333333333333334,Low
CUST001202,0.09333333333333334,Low
CUST006127,0.09333333333333334,Low
CUST007074,0.09333333333333334,Low
CUST004147,0.09333333333333334,Low
CUST007964,0.09333333333333334,Low
CUST000047,0.09,Low
CUST001229,0.09,Low
CUST001234,0.09,Low
CUST006578,0.09,Low
CUST004161,0.09,Low
CUST001273,0.09,Low
CUST001265,0.09,Low
CUST006702,0.09,Low
CUST006230,0.09,Low
CUST006226,0.09,Low
CUST005010,0.09,Low
CUST000721,0.09,Low
CUST005863,0.09,Low
CUST005299,0.09,Low
CUST006793,0.09,Low
CUST005581,0.09,Low
CUST002323,0.09,Low
CUST002111,0.09,Low
CUST003525,0.09,Low
CUST003556,0.09,Low
CUST001475,0.09,Low
CUST002545,0.09,Low
CUST005194,0.09,Low
CUST006687,0.09,Low
CUST004513,0.09,Low
CUST003299,0.09,Low
CUST000727,0.09,Low
CUST000943,0.09,Low
CUST004465,0.09,Low
CUST002292,0.09,Low
CUST006018,0.09,Low
CUST004064,0.09,Low
CUST002552,0.09,Low
CUST000346,0.09,Low
CUST000246,0.09,Low
CUST001641,0.09,Low
CUST002212,0.09,Low
CUST002198,0.09,Low
CUST005944,0.09,Low
CUST005218,0.09,Low
CUST002558,0.09,Low
CUST007744,0.09,Low
CUST003343,0.09,Low
CUST003331,0.09,Low
CUST005425,0.09,Low
CUST007905,0.09,Low
CUST003613,0.09,Low
CUST005462,0.09,Low
CUST001122,0.09,Low
CUST001119,0.09,Low
CUST002845,0.09,Low
CUST007734,0.09,Low
CUST000803,0.09,Low
CUST003865,0.09,Low
CUST002862,0.09,Low
CUST004289,0.09,Low
CUST004917,0.09,Low
CUST004499,0.09,Low
CUST004858,0.09,Low
CUST002700,0.09,Low
CUST003215,0.09,Low
CUST005496,0.09,Low
CUST003013,0.09,Low
CUST003255,0.09,Low
CUST006043,0.09,Low
CUST007803,0.09,Low
CUST007471,0.09,Low
CUST005341,0.09,Low
CUST001343,0.09,Low
CUST000595,0.09,Low
CUST006894,0.09,Low
CUST003900,0.09,Low
CUST004888,0.09,Low
CUST006619,0.09,Low
CUST001632,0.09,Low
CUST000169,0.09,Low
CUST007934,0.09,Low
CUST005692,0.09,Low
CUST000224,0.09,Low
CUST004393,0.09,Low
CUST002056,0.09,Low
CUST002097,0.09,Low
CUST006628,0.09,Low
CUST004545,0.09,Low
CUST002310,0.09,Low
CUST000492,0.09,Low
CUST006514,0.09,Low
CUST000577,0.09,Low
CUST002952,0.09,Low
CUST003387,0.09,Low
CUST003410,0.09,Low
CUST001871,0.09,Low
CUST003008,0.09,Low
CUST003049,0.09,Low
CUST002791,0.09,Low
CUST004447,0.09,Low
CUST007313,0.09,Low
CUST006645,0.09,Low
CUST002382,0.09,Low
CUST007342,0.09,Low
CUST007537,0.09,Low
CUST002384,0.09,Low
CUST004323,0.09,Low
CUST004312,0.09,Low
CUST005256,0.09,Low
CUST005251,0.09,Low
CUST005242,0.09,Low
CUST007415,0.09,Low
CUST006986,0.09,Low
CUST006773,0.09,Low
CUST001780,0.09,Low
CUST001055,0.09,Low
CUST003166,0.09,Low
CUST003068,0.09,Low
CUST006804,0.09,Low
CUST005641,0.09,Low
CUST000288,0.09,Low
CUST003947,0.09,Low
CUST006311,0.09,Low
CUST000425,0.09,Low
CUST004001,0.09,Low
CUST003905,0.09,Low
CUST003902,0.09,Low
CUST005317,0.09,Low
CUST007838,0.09,Low
CUST005540,0.09,Low
CUST002757,0.09,Low
CUST004576,0.09,Low
CUST000012,0.09,Low
CUST001553,0.09,Low
CUST007491,0.09,Low
CUST005622,0.09,Low
CUST000925,0.09,Low
CUST006222,0.09,Low
CUST002221,0.09,Low
CUST007268,0.09,Low
CUST006792,0.08666666666666667,Low
CUST007655,0.08666666666666667,Low
CUST002445,0.08666666666666667,Low
CUST006107,0.08666666666666667,Low
CUST000759,0.08666666666666667,Low
CUST004834,0.08666666666666667,Low
CUST004790,0.08666666666666667,Low
CUST001579,0.08666666666666667,Low
CUST004775,0.08666666666666667,Low
CUST000417,0.08666666666666667,Low
CUST000569,0.08666666666666667,Low
CUST001532,0.08666666666666667,Low
CUST005565,0.08666666666666667,Low
CUST006198,0.08666666666666667,Low
CUST001580,0.08666666666666667,Low
CUST001907,0.08666666666666667,Low
CUST002731,0.08666666666666667,Low
CUST006598,0.08666666666666667,Low
CUST001919,0.08666666666666667,Low
CUST004275,0.08666666666666667,Low
CUST001922,0.08666666666666667,Low
CUST003758,0.08666666666666667,Low
CUST002129,0.08666666666666667,Low
CUST005643,0.08666666666666667,Low
CUST000190,0.08666666666666667,Low
CUST007177,0.08666666666666667,Low
CUST006560,0.08666666666666667,Low
CUST006548,0.08666666666666667,Low
CUST002809,0.08666666666666667,Low
CUST006590,0.08666666666666667,Low
CUST001991,0.08666666666666667,Low
CUST006054,0.08666666666666667,Low
CUST002980,0.08666666666666667,Low
CUST007036,0.08666666666666667,Low
CUST002566,0.08666666666666667,Low
CUST001034,0.08666666666666667,Low
CUST005150,0.08666666666666667,Low
CUST007861,0.08666666666666667,Low
CUST004433,0.08666666666666667,Low
CUST001471,0.08666666666666667,Low
CUST001150,0.08666666666666667,Low
CUST004758,0.08666666666666667,Low
CUST002847,0.08666666666666667,Low
CUST005431,0.08666666666666667,Low
CUST003200,0.08666666666666667,Low
CUST006375,0.08666666666666667,Low
CUST001653,0.08666666666666667,Low
CUST007280,0.08666666666666667,Low
CUST001893,0.08666666666666667,Low
CUST004610,0.08666666666666667,Low
CUST004552,0.08666666666666667,Low
CUST001634,0.08666666666666667,Low
CUST007836,0.08666666666666667,Low
CUST002063,0.08666666666666667,Low
CUST004825,0.08666666666666667,Low
CUST002820,0.08666666666666667,Low
CUST001496,0.08666666666666667,Low
CUST003642,0.08666666666666667,Low
CUST006626,0.08666666666666667,Low
CUST007065,0.08666666666666667,Low
CUST005492,0.08666666666666667,Low
CUST003627,0.08666666666666667,Low
CUST003169,0.08666666666666667,Low
CUST004368,0.08666666666666667,Low
CUST002415,0.08666666666666667,Low
CUST002031,0.08666666666666667,Low
CUST002701,0.08666666666666667,Low
CUST000180,0.08666666666666667,Low
CUST000826,0.08666666666666667,Low
CUST004396,0.08666666666666667,Low
CUST007632,0.08666666666666667,Low
CUST000455,0.08666666666666667,Low
CUST007681,0.08666666666666667,Low
CUST005871,0.08666666666666667,Low
CUST006506,0.08666666666666667,Low
CUST006525,0.08666666666666667,Low
CUST005922,0.08666666666666667,Low
CUST003383,0.08666666666666667,Low
CUST003405,0.08666666666666667,Low
CUST000122,0.08666666666666667,Low
CUST001221,0.08666666666666667,Low
CUST001985,0.08666666666666667,Low
CUST000446,0.08666666666666667,Low
CUST006180,0.08666666666666667,Low
CUST000763,0.08666666666666667,Low
CUST001759,0.08666666666666667,Low
CUST004490,0.08666666666666667,Low
CUST003468,0.08666666666666667,Low
CUST002922,0.08666666666666667,Low
CUST000436,0.08666666666666667,Low
CUST003913,0.08666666666666667,Low
CUST002576,0.08666666666666667,Low
CUST001741,0.08666666666666667,Low
CUST005297,0.08666666666666667,Low
CUST002912,0.08666666666666667,Low
CUST006787,0.08666666666666667,Low
CUST002605,0.08666666666666667,Low
CUST004916,0.08666666666666667,Low
CUST004923,0.08666666666666667,Low
CUST002655,0.08666666666666667,Low
CUST003506,0.08666666666666667,Low
CUST007522,0.08666666666666667,Low
CUST007526,0.08666666666666667,Low
CUST002584,0.08666666666666667,Low
CUST004013,0.08666666666666667,Low
CUST005765,0.08666666666666667,Low
CUST002200,0.08666666666666667,Low
CUST006623,0.08666666666666667,Low
CUST001384,0.08666666666666667,Low
CUST000736,0.08666666666666667,Low
CUST001846,0.08666666666666667,Low
CUST007742,0.08666666666666667,Low
CUST001815,0.08666666666666667,Low
CUST006896,0.08666666666666667,Low
CUST003873,0.08666666666666667,Low
CUST006526,0.08666666666666667,Low
CUST000938,0.08666666666666667,Low
CUST001671,0.08666666666666667,Low
CUST001670,0.08666666666666667,Low
CUST003829,0.08666666666666667,Low
CUST002581,0.08666666666666667,Low
CUST001481,0.08666666666666667,Low
CUST003540,0.08666666666666667,Low
CUST004065,0.08666666666666667,Low
CUST002230,0.08666666666666667,Low
CUST006698,0.08666666666666667,Low
CUST002968,0.08666666666666667,Low
CUST005334,0.08666666666666667,Low
CUST001731,0.08666666666666667,Low
CUST005311,0.08666666666666667,Low
CUST004298,0.08666666666666667,Low
CUST001390,0.08666666666666667,Low
CUST001386,0.08666666666666667,Low
CUST004731,0.08333333333333333,Low
CUST003781,0.08333333333333333,Low
CUST002991,0.08333333333333333,Low
CUST006022,0.08333333333333333,Low
CUST007627,0.08333333333333333,Low
CUST002684,0.08333333333333333,Low
CUST002711,0.08333333333333333,Low
CUST002135,0.08333333333333333,Low
CUST005689,0.08333333333333333,Low
CUST000608,0.08333333333333333,Low
CUST004124,0.08333333333333333,Low
CUST004093,0.08333333333333333,Low
CUST004276,0.08333333333333333,Low
CUST002074,0.08333333333333333,Low
CUST007062,0.08333333333333333,Low
CUST006071,0.08333333333333333,Low
CUST007276,0.08333333333333333,Low
CUST001921,0.08333333333333333,Low
CUST006813,0.08333333333333333,Low
CUST006812,0.08333333333333333,Low
CUST007653,0.08333333333333333,Low
CUST001884,0.08333333333333333,Low
CUST006371,0.08333333333333333,Low
CUST000646,0.08333333333333333,Low
CUST004237,0.08333333333333333,Low
CUST002333,0.08333333333333333,Low
CUST004594,0.08333333333333333,Low
CUST000325,0.08333333333333333,Low
CUST007723,0.08333333333333333,Low
CUST001945,0.08333333333333333,Low
CUST006197,0.08333333333333333,Low
CUST003100,0.08333333333333333,Low
CUST006423,0.08333333333333333,Low
CUST001139,0.08333333333333333,Low
CUST000645,0.08333333333333333,Low
CUST001160,0.08333333333333333,Low
CUST007076,0.08333333333333333,Low
CUST000755,0.08333333333333333,Low
CUST004439,0.08333333333333333,Low
CUST002801,0.08333333333333333,Low
CUST005523,0.08333333333333333,Low
CUST003752,0.08333333333333333,Low
CUST006064,0.08333333333333333,Low
CUST005146,0.08333333333333333,Low
CUST001543,0.08333333333333333,Low
CUST006706,0.08333333333333333,Low
CUST007175,0.08333333333333333,Low
CUST001618,0.08333333333333333,Low
CUST000360,0.08333333333333333,Low
CUST004950,0.08333333333333333,Low
CUST006658,0.08333333333333333,Low
CUST006650,0.08333333333333333,Low
CUST004449,0.08333333333333333,Low
CUST007304,0.08333333333333333,Low
CUST002764,0.08333333333333333,Low
CUST004138,0.08333333333333333,Low
CUST006004,0.08333333333333333,Low
CUST004663,0.08333333333333333,Low
CUST004507,0.08333333333333333,Low
CUST004505,0.08333333333333333,Low
CUST004891,0.08333333333333333,Low
CUST000597,0.08333333333333333,Low
CUST005814,0.08333333333333333,Low
CUST005934,0.08333333333333333,Low
CUST005826,0.08333333333333333,Low
CUST000802,0.08333333333333333,Low
CUST004015,0.08333333333333333,Low
CUST005238,0.08333333333333333,Low
CUST002976,0.08333333333333333,Low
CUST001793,0.08333333333333333,Low
CUST005383,0.08333333333333333,Low
CUST001801,0.08333333333333333,Low
CUST006475,0.08333333333333333,Low
CUST005367,0.08333333333333333,Low
CUST004717,0.08333333333333333,Low
CUST004711,0.08333333333333333,Low
CUST004736,0.08333333333333333,Low
CUST003534,0.08333333333333333,Low
CUST002299,0.08333333333333333,Low
CUST006359,0.08333333333333333,Low
CUST002290,0.08333333333333333,Low
CUST002293,0.08333333333333333,Low
CUST001694,0.08333333333333333,Low
CUST002699,0.08333333333333333,Low
CUST001452,0.08333333333333333,Low
CUST001663,0.08333333333333333,Low
CUST005411,0.08333333333333333,Low
CUST002539,0.08333333333333333,Low
CUST002983,0.08333333333333333,Low
CUST001362,0.08333333333333333,Low
CUST002994,0.08333333333333333,Low
CUST002974,0.08333333333333333,Low
CUST006613,0.08333333333333333,Low
CUST001773,0.08333333333333333,Low
CUST006864,0.08333333333333333,Low
CUST003455,0.08333333333333333,Low
CUST005262,0.08333333333333333,Low
CUST003458,0.08333333333333333,Low
CUST002925,0.08333333333333333,Low
CUST000465,0.08333333333333333,Low
CUST002670,0.08333333333333333,Low
CUST002046,0.08333333333333333,Low
CUST000486,0.08333333333333333,Low
CUST006294,0.08333333333333333,Low
CUST000279,0.08333333333333333,Low
CUST005898,0.08333333333333333,Low
CUST001402,0.08333333333333333,Low
CUST000853,0.08333333333333333,Low
CUST002923,0.08333333333333333,Low
CUST005307,0.08333333333333333,Low
CUST006977,0.08333333333333333,Low
CUST003438,0.08333333333333333,Low
CUST006988,0.08333333333333333,Low
CUST002255,0.08333333333333333,Low
CUST002483,0.08333333333333333,Low
CUST002465,0.08333333333333333,Low
CUST002236,0.08333333333333333,Low
CUST006710,0.08333333333333333,Low
CUST002464,0.08333333333333333,Low
CUST007599,0.08333333333333333,Low
CUST006187,0.08333333333333333,Low
CUST003144,0.08333333333333333,Low
CUST003120,0.08,Low
CUST003143,0.08,Low
CUST004211,0.08,Low
CUST000050,0.08,Low
CUST006223,0.08,Low
CUST000440,0.08,Low
CUST000774,0.08,Low
CUST006306,0.08,Low
CUST001414,0.08,Low
CUST001438,0.08,Low
CUST006615,0.08,Low
CUST002053,0.08,Low
CUST000120,0.08,Low
CUST001075,0.08,Low
CUST005292,0.08,Low
CUST001754,0.08,Low
CUST002286,0.08,Low
CUST004027,0.08,Low
CUST000410,0.08,Low
CUST002192,0.08,Low
CUST001180,0.08,Low
CUST001176,0.08,Low
CUST007618,0.08,Low
CUST006498,0.08,Low
CUST001844,0.08,Low
CUST007508,0.08,Low
CUST006471,0.08,Low
CUST006472,0.08,Low
CUST005750,0.08,Low
CUST005767,0.08,Low
CUST001697,0.08,Low
CUST001853,0.08,Low
CUST007558,0.08,Low
CUST003339,0.08,Low
CUST001367,0.08,Low
CUST007747,0.08,Low
CUST007783,0.08,Low
CUST007187,0.08,Low
CUST002378,0.08,Low
CUST004501,0.08,Low
CUST000708,0.08,Low
CUST005806,0.08,Low
CUST007639,0.08,Low
CUST003896,0.08,Low
CUST003491,0.08,Low
CUST004926,0.08,Low
CUST005236,0.08,Low
CUST003382,0.08,Low
CUST001772,0.08,Low
CUST001723,0.08,Low
CUST000257,0.08,Low
CUST005874,0.08,Low
CUST005947,0.08,Low
CUST000706,0.08,Low
CUST003504,0.08,Low
CUST002518,0.08,Low
CUST001523,0.08,Low
CUST000614,0.08,Low
CUST002336,0.08,Low
CUST004448,0.08,Low
CUST005625,0.08,Low
CUST004572,0.08,Low
CUST007169,0.08,Low
CUST004129,0.08,Low
CUST006920,0.08,Low
CUST002077,0.08,Low
CUST003199,0.08,Low
CUST000640,0.08,Low
CUST001235,0.08,Low
CUST006944,0.08,Low
CUST003739,0.08,Low
CUST002345,0.08,Low
CUST006213,0.08,Low
CUST001213,0.08,Low
CUST000547,0.08,Low
CUST004978,0.08,Low
CUST002353,0.08,Low
CUST003703,0.08,Low
CUST000568,0.08,Low
CUST007178,0.08,Low
CUST006080,0.08,Low
CUST003064,0.08,Low
CUST004119,0.08,Low
CUST000315,0.08,Low
CUST004451,0.08,Low
CUST006822,0.08,Low
CUST003262,0.08,Low
CUST006542,0.08,Low
CUST002717,0.08,Low
CUST001627,0.08,Low
CUST003254,0.08,Low
CUST003250,0.08,Low
CUST001621,0.08,Low
CUST006429,0.08,Low
CUST000311,0.08,Low
CUST001883,0.08,Low
CUST002069,0.08,Low
CUST001310,0.08,Low
CUST001655,0.08,Low
CUST006382,0.08,Low
CUST000512,0.08,Low
CUST004063,0.08,Low
CUST002688,0.08,Low
CUST000253,0.08,Low
CUST000157,0.08,Low
CUST003593,0.08,Low
CUST003562,0.08,Low
CUST000276,0.08,Low
CUST002155,0.08,Low
CUST007631,0.08,Low
CUST004657,0.08,Low
CUST003297,0.08,Low
CUST004632,0.08,Low
CUST004665,0.08,Low
CUST000998,0.08,Low
CUST003515,0.08,Low
CUST003831,0.07666666666666666,Low
CUST005417,0.07666666666666666,Low
CUST003851,0.07666666666666666,Low
CUST005776,0.07666666666666666,Low
CUST005737,0.07666666666666666,Low
CUST001795,0.07666666666666666,Low
CUST002551,0.07666666666666666,Low
CUST005192,0.07666666666666666,Low
CUST004026,0.07666666666666666,Low
CUST000792,0.07666666666666666,Low
CUST005963,0.07666666666666666,Low
CUST006848,0.07666666666666666,Low
CUST005793,0.07666666666666666,Low
CUST006964,0.07666666666666666,Low
CUST002591,0.07666666666666666,Low
CUST007520,0.07666666666666666,Low
CUST001730,0.07666666666666666,Low
CUST002640,0.07666666666666666,Low
CUST002651,0.07666666666666666,Low
CUST006877,0.07666666666666666,Low
CUST006678,0.07666666666666666,Low
CUST002309,0.07666666666666666,Low
CUST004306,0.07666666666666666,Low
CUST000102,0.07666666666666666,Low
CUST003959,0.07666666666666666,Low
CUST002207,0.07666666666666666,Low
CUST001389,0.07666666666666666,Low
CUST004677,0.07666666666666666,Low
CUST006882,0.07666666666666666,Low
CUST003890,0.07666666666666666,Low
CUST004352,0.07666666666666666,Low
CUST000604,0.07666666666666666,Low
CUST007940,0.07666666666666666,Low
CUST000697,0.07666666666666666,Low
CUST000700,0.07666666666666666,Low
CUST007123,0.07666666666666666,Low
CUST000272,0.07666666666666666,Low
CUST007423,0.07666666666666666,Low
CUST006718,0.07666666666666666,Low
CUST006152,0.07666666666666666,Low
CUST000765,0.07666666666666666,Low
CUST000800,0.07666666666666666,Low
CUST006709,0.07666666666666666,Low
CUST003084,0.07666666666666666,Low
CUST006174,0.07666666666666666,Low
CUST001964,0.07666666666666666,Low
CUST004195,0.07666666666666666,Low
CUST001950,0.07666666666666666,Low
CUST000723,0.07666666666666666,Low
CUST002945,0.07666666666666666,Low
CUST001060,0.07666666666666666,Low
CUST005910,0.07666666666666666,Low
CUST003903,0.07666666666666666,Low
CUST004491,0.07666666666666666,Low
CUST003991,0.07666666666666666,Low
CUST005253,0.07666666666666666,Low
CUST004497,0.07666666666666666,Low
CUST001779,0.07666666666666666,Low
CUST007891,0.07666666666666666,Low
CUST001415,0.07666666666666666,Low
CUST006769,0.07666666666666666,Low
CUST007814,0.07666666666666666,Low
CUST000355,0.07666666666666666,Low
CUST007813,0.07666666666666666,Low
CUST005645,0.07666666666666666,Low
CUST005648,0.07666666666666666,Low
CUST003644,0.07666666666666666,Low
CUST007926,0.07666666666666666,Low
CUST007450,0.07666666666666666,Low
CUST007158,0.07666666666666666,Low
CUST004235,0.07666666666666666,Low
CUST004231,0.07666666666666666,Low
CUST000078,0.07666666666666666,Low
CUST006042,0.07666666666666666,Low
CUST003816,0.07666666666666666,Low
CUST002691,0.07666666666666666,Low
CUST000075,0.07666666666666666,Low
CUST003037,0.07666666666666666,Low
CUST000508,0.07666666666666666,Low
CUST000151,0.07666666666666666,Low
CUST006540,0.07666666666666666,Low
CUST003021,0.07666666666666666,Low
CUST007767,0.07666666666666666,Low
CUST003296,0.07666666666666666,Low
CUST006350,0.07666666666666666,Low
CUST006732,0.07666666666666666,Low
CUST007555,0.07666666666666666,Low
CUST002233,0.07666666666666666,Low
CUST001037,0.07666666666666666,Low
CUST001010,0.07666666666666666,Low
CUST005163,0.07666666666666666,Low
CUST003222,0.07666666666666666,Low
CUST005511,0.07666666666666666,Low
CUST003769,0.07666666666666666,Low
CUST003770,0.07666666666666666,Low
CUST007346,0.07666666666666666,Low
CUST000085,0.07666666666666666,Low
CUST007842,0.07666666666666666,Low
CUST007841,0.07666666666666666,Low
CUST003748,0.07666666666666666,Low
CUST006061,0.07666666666666666,Low
CUST004257,0.07666666666666666,Low
CUST002424,0.07666666666666666,Low
CUST001538,0.07666666666666666,Low
CUST003181,0.07666666666666666,Low
CUST004961,0.07666666666666666,Low
CUST002515,0.07666666666666666,Low
CUST003081,0.07666666666666666,Low
CUST003701,0.07666666666666666,Low
CUST005037,0.07666666666666666,Low
CUST004614,0.07666666666666666,Low
CUST004564,0.07666666666666666,Low
CUST001132,0.07666666666666666,Low
CUST006745,0.07666666666666666,Low
CUST003641,0.07666666666666666,Low
CUST004602,0.07666666666666666,Low
CUST000538,0.07666666666666666,Low
CUST004837,0.07666666666666666,Low
CUST004778,0.07666666666666666,Low
CUST008000,0.07666666666666666,Low
CUST000336,0.07666666666666666,Low
CUST001252,0.07666666666666666,Low
CUST002492,0.07666666666666666,Low
CUST000518,0.07666666666666666,Low
CUST000519,0.07666666666666666,Low
CUST004990,0.07666666666666666,Low
CUST007998,0.07666666666666666,Low
CUST006208,0.07666666666666666,Low
CUST006199,0.07333333333333333,Low
CUST007111,0.07333333333333333,Low
CUST007116,0.07333333333333333,Low
CUST006017,0.07333333333333333,Low
CUST003261,0.07333333333333333,Low
CUST002897,0.07333333333333333,Low
CUST002895,0.07333333333333333,Low
CUST002892,0.07333333333333333,Low
CUST000409,0.07333333333333333,Low
CUST003460,0.07333333333333333,Low
CUST007174,0.07333333333333333,Low
CUST002750,0.07333333333333333,Low
CUST003327,0.07333333333333333,Low
CUST007024,0.07333333333333333,Low
CUST003292,0.07333333333333333,Low
CUST002782,0.07333333333333333,Low
CUST002759,0.07333333333333333,Low
CUST005946,0.07333333333333333,Low
CUST000373,0.07333333333333333,Low
CUST003220,0.07333333333333333,Low
CUST005906,0.07333333333333333,Low
CUST000432,0.07333333333333333,Low
CUST000405,0.07333333333333333,Low
CUST005930,0.07333333333333333,Low
CUST004032,0.07333333333333333,Low
CUST004068,0.07333333333333333,Low
CUST007329,0.07333333333333333,Low
CUST006860,0.07333333333333333,Low
CUST004282,0.07333333333333333,Low
CUST004185,0.07333333333333333,Low
CUST004178,0.07333333333333333,Low
CUST007369,0.07333333333333333,Low
CUST007798,0.07333333333333333,Low
CUST004203,0.07333333333333333,Low
CUST004060,0.07333333333333333,Low
CUST005657,0.07333333333333333,Low
CUST005704,0.07333333333333333,Low
CUST003982,0.07333333333333333,Low
CUST002109,0.07333333333333333,Low
CUST000500,0.07333333333333333,Low
CUST003704,0.07333333333333333,Low
CUST007816,0.07333333333333333,Low
CUST002193,0.07333333333333333,Low
CUST000513,0.07333333333333333,Low
CUST005781,0.07333333333333333,Low
CUST000531,0.07333333333333333,Low
CUST006930,0.07333333333333333,Low
CUST003856,0.07333333333333333,Low
CUST002332,0.07333333333333333,Low
CUST002371,0.07333333333333333,Low
CUST007853,0.07333333333333333,Low
CUST001902,0.07333333333333333,Low
CUST006504,0.07333333333333333,Low
CUST004856,0.07333333333333333,Low
CUST006603,0.07333333333333333,Low
CUST004932,0.07333333333333333,Low
CUST005264,0.07333333333333333,Low
CUST004637,0.07333333333333333,Low
CUST000761,0.07333333333333333,Low
CUST000778,0.07333333333333333,Low
CUST005050,0.07333333333333333,Low
CUST004983,0.07333333333333333,Low
CUST006599,0.07333333333333333,Low
CUST001237,0.07333333333333333,Low
CUST004883,0.07333333333333333,Low
CUST006516,0.07333333333333333,Low
CUST000979,0.07333333333333333,Low
CUST001018,0.07333333333333333,Low
CUST000052,0.07333333333333333,Low
CUST001093,0.07333333333333333,Low
CUST000045,0.07333333333333333,Low
CUST000034,0.07333333333333333,Low
CUST006257,0.07333333333333333,Low
CUST006075,0.07333333333333333,Low
CUST002998,0.07333333333333333,Low
CUST007105,0.07333333333333333,Low
CUST001200,0.07333333333333333,Low
CUST001168,0.07333333333333333,Low
CUST005183,0.07333333333333333,Low
CUST005116,0.07333333333333333,Low
CUST007678,0.07333333333333333,Low
CUST006577,0.07333333333333333,Low
CUST005034,0.07333333333333333,Low
CUST005231,0.07333333333333333,Low
CUST005444,0.07333333333333333,Low
CUST006465,0.07333333333333333,Low
CUST004463,0.07333333333333333,Low
CUST006740,0.07333333333333333,Low
CUST004582,0.07333333333333333,Low
CUST001673,0.07333333333333333,Low
CUST001769,0.07333333333333333,Low
CUST000738,0.07333333333333333,Low
CUST007745,0.07333333333333333,Low
CUST000833,0.07333333333333333,Low
CUST004746,0.07333333333333333,Low
CUST004725,0.07333333333333333,Low
CUST000848,0.07333333333333333,Low
CUST001654,0.07333333333333333,Low
CUST004764,0.07333333333333333,Low
CUST005403,0.07333333333333333,Low
CUST005498,0.07333333333333333,Low
CUST004395,0.07333333333333333,Low
CUST005570,0.07333333333333333,Low
CUST001823,0.07333333333333333,Low
CUST006422,0.07333333333333333,Low
CUST005585,0.07333333333333333,Low
CUST001860,0.07333333333333333,Low
CUST000429,0.07,Low
CUST005853,0.07,Low
CUST005876,0.07,Low
CUST006983,0.07,Low
CUST002597,0.07,Low
CUST007876,0.07,Low
CUST005903,0.07,Low
CUST002740,0.07,Low
CUST007038,0.07,Low
CUST001901,0.07,Low
CUST004218,0.07,Low
CUST007387,0.07,Low
CUST006386,0.07,Low
CUST007794,0.07,Low
CUST004126,0.07,Low
CUST001980,0.07,Low
CUST001941,0.07,Low
CUST000673,0.07,Low
CUST005816,0.07,Low
CUST002036,0.07,Low
CUST007331,0.07,Low
CUST006839,0.07,Low
CUST001990,0.07,Low
CUST001995,0.07,Low
CUST007337,0.07,Low
CUST005723,0.07,Low
CUST002141,0.07,Low
CUST003853,0.07,Low
CUST003871,0.07,Low
CUST002312,0.07,Low
CUST003794,0.07,Low
CUST003626,0.07,Low
CUST002199,0.07,Low
CUST000506,0.07,Low
CUST006345,0.07,Low
CUST003945,0.07,Low
CUST005741,0.07,Low
CUST003911,0.07,Low
CUST003908,0.07,Low
CUST007311,0.07,Low
CUST005721,0.07,Low
CUST002396,0.07,Low
CUST002393,0.07,Low
CUST007252,0.07,Low
CUST007281,0.07,Low
CUST002222,0.07,Low
CUST007029,0.07,Low
CUST003309,0.07,Low
CUST002894,0.07,Low
CUST006058,0.07,Low
CUST000218,0.07,Low
CUST007073,0.07,Low
CUST003196,0.07,Low
CUST005988,0.07,Low
CUST000195,0.07,Low
CUST003203,0.07,Low
CUST007069,0.07,Low
CUST002788,0.07,Low
CUST003295,0.07,Low
CUST007026,0.07,Low
CUST002814,0.07,Low
CUST005970,0.07,Low
CUST006286,0.07,Low
CUST000239,0.07,Low
CUST003320,0.07,Low
CUST004664,0.07,Low
CUST007460,0.07,Low
CUST001716,0.07,Low
CUST004380,0.07,Low
CUST001800,0.07,Low
CUST006761,0.07,Low
CUST007395,0.07,Low
CUST007388,0.07,Low
CUST001437,0.07,Low
CUST001436,0.07,Low
CUST004804,0.07,Low
CUST004826,0.07,Low
CUST001513,0.07,Low
CUST004688,0.07,Low
CUST000810,0.07,Low
CUST000814,0.07,Low
CUST000836,0.07,Low
CUST005382,0.07,Low
CUST004702,0.07,Low
CUST006714,0.07,Low
CUST004673,0.07,Low
CUST006686,0.07,Low
CUST006696,0.07,Low
CUST001590,0.07,Low
CUST005480,0.07,Low
CUST007765,0.07,Low
CUST006451,0.07,Low
CUST004362,0.07,Low
CUST007398,0.07,Low
CUST005586,0.07,Low
CUST005654,0.07,Low
CUST006439,0.07,Low
CUST001755,0.07,Low
CUST005530,0.07,Low
CUST006434,0.07,Low
CUST001758,0.07,Low
CUST004535,0.07,Low
CUST005432,0.07,Low
CUST006501,0.07,Low
CUST005401,0.07,Low
CUST005230,0.07,Low
CUST001226,0.07,Low
CUST005045,0.07,Low
CUST007579,0.07,Low
CUST000937,0.07,Low
CUST001288,0.07,Low
CUST000879,0.07,Low
CUST000881,0.07,Low
CUST004841,0.07,Low
CUST004862,0.07,Low
CUST004967,0.07,Low
CUST001385,0.07,Low
CUST004933,0.07,Low
CUST004918,0.07,Low
CUST006621,0.07,Low
CUST006622,0.07,Low
CUST001147,0.07,Low
CUST007645,0.07,Low
CUST001183,0.07,Low
CUST001184,0.07,Low
CUST001012,0.07,Low
CUST005207,0.07,Low
CUST005195,0.07,Low
CUST005042,0.07,Low
CUST007960,0.07,Low
CUST000043,0.07,Low
CUST001092,0.07,Low
CUST005098,0.07,Low
CUST007976,0.07,Low
CUST003025,0.07,Low
CUST006089,0.07,Low
CUST000175,0.07,Low
CUST000003,0.06666666666666667,Low
CUST007978,0.06666666666666667,Low
CUST006026,0.06666666666666667,Low
CUST006027,0.06666666666666667,Low
CUST003204,0.06666666666666667,Low
CUST003210,0.06666666666666667,Low
CUST005027,0.06666666666666667,Low
CUST001165,0.06666666666666667,Low
CUST001140,0.06666666666666667,Low
CUST007648,0.06666666666666667,Low
CUST005136,0.06666666666666667,Low
CUST005087,0.06666666666666667,Low
CUST005092,0.06666666666666667,Low
CUST005106,0.06666666666666667,Low
CUST002898,0.06666666666666667,Low
CUST003219,0.06666666666666667,Low
CUST002816,0.06666666666666667,Low
CUST000326,0.06666666666666667,Low
CUST005976,0.06666666666666667,Low
CUST005980,0.06666666666666667,Low
CUST000240,0.06666666666666667,Low
CUST007163,0.06666666666666667,Low
CUST004968,0.06666666666666667,Low
CUST001268,0.06666666666666667,Low
CUST001219,0.06666666666666667,Low
CUST001073,0.06666666666666667,Low
CUST007662,0.06666666666666667,Low
CUST005221,0.06666666666666667,Low
CUST001015,0.06666666666666667,Low
CUST001233,0.06666666666666667,Low
CUST001236,0.06666666666666667,Low
CUST002719,0.06666666666666667,Low
CUST003398,0.06666666666666667,Low
CUST003372,0.06666666666666667,Low
CUST002692,0.06666666666666667,Low
CUST002678,0.06666666666666667,Low
CUST007185,0.06666666666666667,Low
CUST003485,0.06666666666666667,Low
CUST000878,0.06666666666666667,Low
CUST005018,0.06666666666666667,Low
CUST005828,0.06666666666666667,Low
CUST006339,0.06666666666666667,Low
CUST000448,0.06666666666666667,Low
CUST007845,0.06666666666666667,Low
CUST007218,0.06666666666666667,Low
CUST007233,0.06666666666666667,Low
CUST007234,0.06666666666666667,Low
CUST003646,0.06666666666666667,Low
CUST003599,0.06666666666666667,Low
CUST006969,0.06666666666666667,Low
CUST002426,0.06666666666666667,Low
CUST002431,0.06666666666666667,Low
CUST001399,0.06666666666666667,Low
CUST001378,0.06666666666666667,Low
CUST007565,0.06666666666666667,Low
CUST004904,0.06666666666666667,Low
CUST007577,0.06666666666666667,Low
CUST002355,0.06666666666666667,Low
CUST003722,0.06666666666666667,Low
CUST002304,0.06666666666666667,Low
CUST006931,0.06666666666666667,Low
CUST003892,0.06666666666666667,Low
CUST002205,0.06666666666666667,Low
CUST000521,0.06666666666666667,Low
CUST006883,0.06666666666666667,Low
CUST000602,0.06666666666666667,Low
CUST005705,0.06666666666666667,Low
CUST006384,0.06666666666666667,Low
CUST001396,0.06666666666666667,Low
CUST000872,0.06666666666666667,Low
CUST005348,0.06666666666666667,Low
CUST005352,0.06666666666666667,Low
CUST005316,0.06666666666666667,Low
CUST005422,0.06666666666666667,Low
CUST004863,0.06666666666666667,Low
CUST004876,0.06666666666666667,Low
CUST002108,0.06666666666666667,Low
CUST002115,0.06666666666666667,Low
CUST002067,0.06666666666666667,Low
CUST004016,0.06666666666666667,Low
CUST001999,0.06666666666666667,Low
CUST005612,0.06666666666666667,Low
CUST000683,0.06666666666666667,Low
CUST007340,0.06666666666666667,Low
CUST007349,0.06666666666666667,Low
CUST004760,0.06666666666666667,Low
CUST004165,0.06666666666666667,Low
CUST007350,0.06666666666666667,Low
CUST004200,0.06666666666666667,Low
CUST004204,0.06666666666666667,Low
CUST006808,0.06666666666666667,Low
CUST001944,0.06666666666666667,Low
CUST004263,0.06666666666666667,Low
CUST004215,0.06666666666666667,Low
CUST004217,0.06666666666666667,Low
CUST001885,0.06666666666666667,Low
CUST005614,0.06666666666666667,Low
CUST006425,0.06666666666666667,Low
CUST005669,0.06666666666666667,Low
CUST005679,0.06666666666666667,Low
CUST004313,0.06666666666666667,Low
CUST001558,0.06666666666666667,Low
CUST000807,0.06666666666666667,Low
CUST004697,0.06666666666666667,Low
CUST005516,0.06666666666666667,Low
CUST006433,0.06666666666666667,Low
CUST006441,0.06666666666666667,Low
CUST007772,0.06666666666666667,Low
CUST007775,0.06666666666666667,Low
CUST004443,0.06666666666666667,Low
CUST004404,0.06666666666666667,Low
CUST004413,0.06666666666666667,Low
CUST001764,0.06666666666666667,Low
CUST004586,0.06666666666666667,Low
CUST004530,0.06666666666666667,Low
CUST004492,0.06666666666666667,Low
CUST001650,0.06666666666666667,Low
CUST007482,0.06666666666666667,Low
CUST004671,0.06666666666666667,Low
CUST006688,0.06666666666666667,Low
CUST001573,0.06666666666666667,Low
CUST005473,0.06666666666666667,Low
CUST005437,0.06666666666666667,Low
CUST000771,0.06666666666666667,Low
CUST000753,0.06666666666666667,Low
CUST004633,0.06666666666666667,Low
CUST004636,0.06666666666666667,Low
CUST004596,0.06666666666666667,Low
CUST007949,0.06666666666666667,Low
CUST006172,0.06666666666666667,Low
CUST006232,0.06666666666666667,Low
CUST002908,0.06666666666666667,Low
CUST003092,0.06666666666666667,Low
CUST003065,0.06666666666666667,Low
CUST007096,0.06666666666666667,Low
CUST002992,0.06666666666666667,Low
CUST002972,0.06666666666666667,Low
CUST000135,0.06666666666666667,Low
CUST003233,0.06333333333333334,Low
CUST007945,0.06333333333333334,Low
CUST000116,0.06333333333333334,Low
CUST000094,0.06333333333333334,Low
CUST002886,0.06333333333333334,Low
CUST003189,0.06333333333333334,Low
CUST007142,0.06333333333333334,Low
CUST002849,0.06333333333333334,Low
CUST001546,0.06333333333333334,Low
CUST007151,0.06333333333333334,Low
CUST001555,0.06333333333333334,Low
CUST004648,0.06333333333333334,Low
CUST001577,0.06333333333333334,Low
CUST004591,0.06333333333333334,Low
CUST000766,0.06333333333333334,Low
CUST000746,0.06333333333333334,Low
CUST005464,0.06333333333333334,Low
CUST001556,0.06333333333333334,Low
CUST004510,0.06333333333333334,Low
CUST001659,0.06333333333333334,Low
CUST001729,0.06333333333333334,Low
CUST004445,0.06333333333333334,Low
CUST001744,0.06333333333333334,Low
CUST004580,0.06333333333333334,Low
CUST007027,0.06333333333333334,Low
CUST004951,0.06333333333333334,Low
CUST005598,0.06333333333333334,Low
CUST005213,0.06333333333333334,Low
CUST000292,0.06333333333333334,Low
CUST006438,0.06333333333333334,Low
CUST007474,0.06333333333333334,Low
CUST000811,0.06333333333333334,Low
CUST004735,0.06333333333333334,Low
CUST001652,0.06333333333333334,Low
CUST005926,0.06333333333333334,Low
CUST004212,0.06333333333333334,Low
CUST001845,0.06333333333333334,Low
CUST007784,0.06333333333333334,Low
CUST004791,0.06333333333333334,Low
CUST004056,0.06333333333333334,Low
CUST004096,0.06333333333333334,Low
CUST007534,0.06333333333333334,Low
CUST005882,0.06333333333333334,Low
CUST006799,0.06333333333333334,Low
CUST007916,0.06333333333333334,Low
CUST003340,0.06333333333333334,Low
CUST000251,0.06333333333333334,Low
CUST001756,0.06333333333333334,Low
CUST005938,0.06333333333333334,Low
CUST007363,0.06333333333333334,Low
CUST004251,0.06333333333333334,Low
CUST004309,0.06333333333333334,Low
CUST004271,0.06333333333333334,Low
CUST001926,0.06333333333333334,Low
CUST001812,0.06333333333333334,Low
CUST005691,0.06333333333333334,Low
CUST005675,0.06333333333333334,Low
CUST003558,0.06333333333333334,Low
CUST006950,0.06333333333333334,Low
CUST000456,0.06333333333333334,Low
CUST000464,0.06333333333333334,Low
CUST005804,0.06333333333333334,Low
CUST005287,0.06333333333333334,Low
CUST005728,0.06333333333333334,Low
CUST000567,0.06333333333333334,Low
CUST007833,0.06333333333333334,Low
CUST002052,0.06333333333333334,Low
CUST002639,0.06333333333333334,Low
CUST002569,0.06333333333333334,Low
CUST005272,0.06333333333333334,Low
CUST000949,0.06333333333333334,Low
CUST000915,0.06333333333333334,Low
CUST005301,0.06333333333333334,Low
CUST007204,0.06333333333333334,Low
CUST005373,0.06333333333333334,Low
CUST005358,0.06333333333333334,Low
CUST005819,0.06333333333333334,Low
CUST006357,0.06333333333333334,Low
CUST005711,0.06333333333333334,Low
CUST002100,0.06333333333333334,Low
CUST004046,0.06333333333333334,Low
CUST002047,0.06333333333333334,Low
CUST000617,0.06333333333333334,Low
CUST004159,0.06333333333333334,Low
CUST001526,0.06333333333333334,Low
CUST001488,0.06333333333333334,Low
CUST004867,0.06333333333333334,Low
CUST002098,0.06333333333333334,Low
CUST002086,0.06333333333333334,Low
CUST006855,0.06333333333333334,Low
CUST005629,0.06333333333333334,Low
CUST007191,0.06333333333333334,Low
CUST000678,0.06333333333333334,Low
CUST003426,0.06333333333333334,Low
CUST000362,0.06333333333333334,Low
CUST003425,0.06333333333333334,Low
CUST000390,0.06333333333333334,Low
CUST000393,0.06333333333333334,Low
CUST006098,0.06333333333333334,Low
CUST002982,0.06333333333333334,Low
CUST003132,0.06333333333333334,Low
CUST002913,0.06333333333333334,Low
CUST007235,0.06333333333333334,Low
CUST003661,0.06333333333333334,Low
CUST002380,0.06333333333333334,Low
CUST006609,0.06333333333333334,Low
CUST007849,0.06333333333333334,Low
CUST003198,0.06333333333333334,Low
CUST001126,0.06333333333333334,Low
CUST007924,0.06333333333333334,Low
CUST000186,0.06333333333333334,Low
CUST006050,0.06333333333333334,Low
CUST001336,0.06333333333333334,Low
CUST004857,0.06333333333333334,Low
CUST005246,0.06333333333333334,Low
CUST004999,0.06333333333333334,Low
CUST004994,0.06333333333333334,Low
CUST001258,0.06333333333333334,Low
CUST003449,0.06333333333333334,Low
CUST001354,0.06333333333333334,Low
CUST005830,0.06333333333333334,Low
CUST005843,0.06333333333333334,Low
CUST004929,0.06333333333333334,Low
CUST002257,0.06333333333333334,Low
CUST002240,0.06333333333333334,Low
CUST002217,0.06333333333333334,Low
CUST002185,0.06333333333333334,Low
CUST003815,0.06333333333333334,Low
CUST003940,0.06333333333333334,Low
CUST003925,0.06333333333333334,Low
CUST000349,0.06,Low
CUST002831,0.06,Low
CUST000357,0.06,Low
CUST001665,0.06,Low
CUST004626,0.06,Low
CUST001640,0.06,Low
CUST006118,0.06,Low
CUST005994,0.06,Low
CUST001750,0.06,Low
CUST006476,0.06,Low
CUST005409,0.06,Low
CUST004184,0.06,Low
CUST001947,0.06,Low
CUST004268,0.06,Low
CUST005620,0.06,Low
CUST001636,0.06,Low
CUST000709,0.06,Low
CUST005567,0.06,Low
CUST007426,0.06,Low
CUST007414,0.06,Low
CUST006669,0.06,Low
CUST001785,0.06,Low
CUST006667,0.06,Low
CUST000823,0.06,Low
CUST001623,0.06,Low
CUST004605,0.06,Low
CUST000692,0.06,Low
CUST002808,0.06,Low
CUST005169,0.06,Low
CUST005173,0.06,Low
CUST005685,0.06,Low
CUST004435,0.06,Low
CUST001961,0.06,Low
CUST001424,0.06,Low
CUST001461,0.06,Low
CUST004757,0.06,Low
CUST006785,0.06,Low
CUST004152,0.06,Low
CUST007383,0.06,Low
CUST004325,0.06,Low
CUST006481,0.06,Low
CUST002562,0.06,Low
CUST002616,0.06,Low
CUST002554,0.06,Low
CUST005703,0.06,Low
CUST005730,0.06,Low
CUST002541,0.06,Low
CUST003513,0.06,Low
CUST007796,0.06,Low
CUST000634,0.06,Low
CUST006389,0.06,Low
CUST002722,0.06,Low
CUST002696,0.06,Low
CUST000379,0.06,Low
CUST000413,0.06,Low
CUST007002,0.06,Low
CUST006850,0.06,Low
CUST004007,0.06,Low
CUST001504,0.06,Low
CUST002025,0.06,Low
CUST002048,0.06,Low
CUST000975,0.06,Low
CUST002090,0.06,Low
CUST004036,0.06,Low
CUST000555,0.06,Low
CUST000838,0.06,Low
CUST004894,0.06,Low
CUST000856,0.06,Low
CUST002201,0.06,Low
CUST000903,0.06,Low
CUST005266,0.06,Low
CUST002206,0.06,Low
CUST003804,0.06,Low
CUST003820,0.06,Low
CUST003924,0.06,Low
CUST003785,0.06,Low
CUST003852,0.06,Low
CUST003874,0.06,Low
CUST003788,0.06,Low
CUST002228,0.06,Low
CUST005795,0.06,Low
CUST005796,0.06,Low
CUST002510,0.06,Low
CUST006330,0.06,Low
CUST001305,0.06,Low
CUST002392,0.06,Low
CUST003657,0.06,Low
CUST004902,0.06,Low
CUST004844,0.06,Low
CUST003583,0.06,Low
CUST007255,0.06,Low
CUST007927,0.06,Low
CUST001210,0.06,Low
CUST006566,0.06,Low
CUST002944,0.06,Low
CUST006085,0.06,Low
CUST006248,0.056666666666666664,Low
CUST006062,0.056666666666666664,Low
CUST003024,0.056666666666666664,Low
CUST003230,0.056666666666666664,Low
CUST003059,0.056666666666666664,Low
CUST003086,0.056666666666666664,Low
CUST003147,0.056666666666666664,Low
CUST003163,0.056666666666666664,Low
CUST006236,0.056666666666666664,Low
CUST001097,0.056666666666666664,Low
CUST001214,0.056666666666666664,Low
CUST006584,0.056666666666666664,Low
CUST005056,0.056666666666666664,Low
CUST003184,0.056666666666666664,Low
CUST007059,0.056666666666666664,Low
CUST000193,0.056666666666666664,Low
CUST000223,0.056666666666666664,Low
CUST005996,0.056666666666666664,Low
CUST001379,0.056666666666666664,Low
CUST004842,0.056666666666666664,Low
CUST003549,0.056666666666666664,Low
CUST003610,0.056666666666666664,Low
CUST002444,0.056666666666666664,Low
CUST002434,0.056666666666666664,Low
CUST000484,0.056666666666666664,Low
CUST002317,0.056666666666666664,Low
CUST002308,0.056666666666666664,Low
CUST002343,0.056666666666666664,Low
CUST003673,0.056666666666666664,Low
CUST004938,0.056666666666666664,Low
CUST002475,0.056666666666666664,Low
CUST002474,0.056666666666666664,Low
CUST001261,0.056666666666666664,Low
CUST002256,0.056666666666666664,Low
CUST006900,0.056666666666666664,Low
CUST003882,0.056666666666666664,Low
CUST002295,0.056666666666666664,Low
CUST002168,0.056666666666666664,Low
CUST003891,0.056666666666666664,Low
CUST003929,0.056666666666666664,Low
CUST000524,0.056666666666666664,Low
CUST000562,0.056666666666666664,Low
CUST005751,0.056666666666666664,Low
CUST004000,0.056666666666666664,Low
CUST006364,0.056666666666666664,Low
CUST007818,0.056666666666666664,Low
CUST000592,0.056666666666666664,Low
CUST007301,0.056666666666666664,Low
CUST002171,0.056666666666666664,Low
CUST000923,0.056666666666666664,Low
CUST003518,0.056666666666666664,Low
CUST006492,0.056666666666666664,Low
CUST005321,0.056666666666666664,Low
CUST001456,0.056666666666666664,Low
CUST001474,0.056666666666666664,Low
CUST001536,0.056666666666666664,Low
CUST000638,0.056666666666666664,Low
CUST000682,0.056666666666666664,Low
CUST005636,0.056666666666666664,Low
CUST002656,0.056666666666666664,Low
CUST000381,0.056666666666666664,Low
CUST002739,0.056666666666666664,Low
CUST007353,0.056666666666666664,Low
CUST001952,0.056666666666666664,Low
CUST006816,0.056666666666666664,Low
CUST007535,0.056666666666666664,Low
CUST007528,0.056666666666666664,Low
CUST004817,0.056666666666666664,Low
CUST004806,0.056666666666666664,Low
CUST000672,0.056666666666666664,Low
CUST001910,0.056666666666666664,Low
CUST007366,0.056666666666666664,Low
CUST005388,0.056666666666666664,Low
CUST005402,0.056666666666666664,Low
CUST007501,0.056666666666666664,Low
CUST004334,0.056666666666666664,Low
CUST005572,0.056666666666666664,Low
CUST007607,0.056666666666666664,Low
CUST007688,0.056666666666666664,Low
CUST001009,0.056666666666666664,Low
CUST002755,0.056666666666666664,Low
CUST007898,0.056666666666666664,Low
CUST000691,0.056666666666666664,Low
CUST006675,0.056666666666666664,Low
CUST004721,0.056666666666666664,Low
CUST001733,0.056666666666666664,Low
CUST007431,0.056666666666666664,Low
CUST001749,0.056666666666666664,Low
CUST006204,0.056666666666666664,Low
CUST007754,0.056666666666666664,Low
CUST005472,0.056666666666666664,Low
CUST007484,0.056666666666666664,Low
CUST007162,0.056666666666666664,Low
CUST002843,0.056666666666666664,Low
CUST002832,0.056666666666666664,Low
CUST002851,0.056666666666666664,Low
CUST007143,0.056666666666666664,Low
CUST002868,0.056666666666666664,Low
CUST002867,0.056666666666666664,Low
CUST006016,0.056666666666666664,Low
CUST006060,0.056666666666666664,Low
CUST000156,0.056666666666666664,Low
CUST000947,0.05333333333333334,Low
CUST000990,0.05333333333333334,Low
CUST003173,0.05333333333333334,Low
CUST007429,0.05333333333333334,Low
CUST001743,0.05333333333333334,Low
CUST007432,0.05333333333333334,Low
CUST004525,0.05333333333333334,Low
CUST005558,0.05333333333333334,Low
CUST006748,0.05333333333333334,Low
CUST001900,0.05333333333333334,Low
CUST001656,0.05333333333333334,Low
CUST007167,0.05333333333333334,Low
CUST002789,0.05333333333333334,Low
CUST000347,0.05333333333333334,Low
CUST000351,0.05333333333333334,Low
CUST001081,0.05333333333333334,Low
CUST001090,0.05333333333333334,Low
CUST000327,0.05333333333333334,Low
CUST000321,0.05333333333333334,Low
CUST005145,0.05333333333333334,Low
CUST002686,0.05333333333333334,Low
CUST001127,0.05333333333333334,Low
CUST003177,0.05333333333333334,Low
CUST005247,0.05333333333333334,Low
CUST003368,0.05333333333333334,Low
CUST003364,0.05333333333333334,Low
CUST003365,0.05333333333333334,Low
CUST001205,0.05333333333333334,Low
CUST006596,0.05333333333333334,Low
CUST004962,0.05333333333333334,Low
CUST001262,0.05333333333333334,Low
CUST007385,0.05333333333333334,Low
CUST001825,0.05333333333333334,Low
CUST000912,0.05333333333333334,Low
CUST000863,0.05333333333333334,Low
CUST001628,0.05333333333333334,Low
CUST005053,0.05333333333333334,Low
CUST006783,0.05333333333333334,Low
CUST006652,0.05333333333333334,Low
CUST007086,0.05333333333333334,Low
CUST000984,0.05333333333333334,Low
CUST006099,0.05333333333333334,Low
CUST006133,0.05333333333333334,Low
CUST006149,0.05333333333333334,Low
CUST001393,0.05333333333333334,Low
CUST003226,0.05333333333333334,Low
CUST005209,0.05333333333333334,Low
CUST004845,0.05333333333333334,Low
CUST004850,0.05333333333333334,Low
CUST000596,0.05333333333333334,Low
CUST000594,0.05333333333333334,Low
CUST001368,0.05333333333333334,Low
CUST000552,0.05333333333333334,Low
CUST005533,0.05333333333333334,Low
CUST006908,0.05333333333333334,Low
CUST003719,0.05333333333333334,Low
CUST006939,0.05333333333333334,Low
CUST002161,0.05333333333333334,Low
CUST001352,0.05333333333333334,Low
CUST000481,0.05333333333333334,Low
CUST000498,0.05333333333333334,Low
CUST003910,0.05333333333333334,Low
CUST001508,0.05333333333333334,Low
CUST006924,0.05333333333333334,Low
CUST003783,0.05333333333333334,Low
CUST004745,0.05333333333333334,Low
CUST001334,0.05333333333333334,Low
CUST001259,0.05333333333333334,Low
CUST007750,0.05333333333333334,Low
CUST002425,0.05333333333333334,Low
CUST003569,0.05333333333333334,Low
CUST004607,0.05333333333333334,Low
CUST004635,0.05333333333333334,Low
CUST006700,0.05333333333333334,Low
CUST006682,0.05333333333333334,Low
CUST001924,0.05333333333333334,Low
CUST001913,0.05333333333333334,Low
CUST001270,0.05333333333333334,Low
CUST002357,0.05333333333333334,Low
CUST005893,0.05333333333333334,Low
CUST005881,0.05333333333333334,Low
CUST003765,0.05333333333333334,Low
CUST000421,0.05333333333333334,Low
CUST005415,0.05333333333333334,Low
CUST007594,0.05333333333333334,Low
CUST006468,0.05333333333333334,Low
CUST005331,0.05333333333333334,Low
CUST005715,0.05333333333333334,Low
CUST003980,0.05333333333333334,Low
CUST002006,0.05333333333333334,Low
CUST005745,0.05333333333333334,Low
CUST004125,0.05333333333333334,Low
CUST004073,0.05333333333333334,Low
CUST005701,0.05333333333333334,Low
CUST006460,0.05333333333333334,Low
CUST007354,0.05333333333333334,Low
CUST001547,0.05333333333333334,Low
CUST002623,0.05,Low
CUST007780,0.05,Low
CUST007412,0.05,Low
CUST004255,0.05,Low
CUST006767,0.05,Low
CUST006563,0.05,Low
CUST003245,0.05,Low
CUST001215,0.05,Low
CUST007210,0.05,Low
CUST003520,0.05,Low
CUST002710,0.05,Low
CUST006523,0.05,Low
CUST007006,0.05,Low
CUST000906,0.05,Low
CUST006707,0.05,Low
CUST001080,0.05,Low
CUST005573,0.05,Low
CUST002754,0.05,Low
CUST002587,0.05,Low
CUST000313,0.05,Low
CUST007879,0.05,Low
CUST001085,0.05,Low
CUST000256,0.05,Low
CUST000999,0.05,Low
CUST003109,0.05,Low
CUST000208,0.05,Low
CUST007986,0.05,Low
CUST000105,0.05,Low
CUST000894,0.05,Low
CUST007694,0.05,Low
CUST001841,0.05,Low
CUST004364,0.05,Low
CUST004543,0.05,Low
CUST006727,0.05,Low
CUST005557,0.05,Low
CUST003300,0.05,Low
CUST001020,0.05,Low
CUST007670,0.05,Low
CUST007969,0.05,Low
CUST003248,0.05,Low
CUST001024,0.05,Low
CUST001133,0.05,Low
CUST007638,0.05,Low
CUST001137,0.05,Low
CUST006299,0.05,Low
CUST000270,0.05,Low
CUST006562,0.05,Low
CUST000245,0.05,Low
CUST003289,0.05,Low
CUST002267,0.05,Low
CUST001937,0.05,Low
CUST001855,0.05,Low
CUST003838,0.05,Low
CUST007256,0.05,Low
CUST001505,0.05,Low
CUST003809,0.05,Low
CUST003860,0.05,Low
CUST003789,0.05,Low
CUST007740,0.05,Low
CUST006899,0.05,Low
CUST001313,0.05,Low
CUST002318,0.05,Low
CUST000850,0.05,Low
CUST004948,0.05,Low
CUST002339,0.05,Low
CUST003716,0.05,Low
CUST007857,0.05,Low
CUST005847,0.05,Low
CUST000474,0.05,Low
CUST002239,0.05,Low
CUST004680,0.05,Low
CUST000423,0.05,Low
CUST005895,0.05,Low
CUST006488,0.05,Low
CUST000844,0.05,Low
CUST005051,0.05,Low
CUST006502,0.05,Low
CUST001677,0.05,Low
CUST006963,0.05,Low
CUST006697,0.05,Low
CUST000791,0.05,Low
CUST006858,0.05,Low
CUST005778,0.05,Low
CUST006846,0.05,Low
CUST005714,0.05,Low
CUST005710,0.05,Low
CUST004808,0.05,Low
CUST000609,0.05,Low
CUST000612,0.05,Low
CUST001972,0.05,Low
CUST006443,0.05,Low
CUST007771,0.05,Low
CUST005501,0.05,Low
CUST004047,0.05,Low
CUST005469,0.05,Low
CUST004766,0.05,Low
CUST003994,0.05,Low
CUST007544,0.05,Low
CUST007303,0.05,Low
CUST003995,0.05,Low
CUST004004,0.05,Low
CUST004846,0.05,Low
CUST000145,0.05,Low
CUST000176,0.05,Low
CUST007122,0.05,Low
CUST000164,0.05,Low
CUST004453,0.05,Low
CUST006738,0.05,Low
CUST004423,0.05,Low
CUST004409,0.05,Low
CUST007102,0.05,Low
CUST002957,0.05,Low
CUST005941,0.05,Low
CUST002901,0.05,Low
CUST003227,0.05,Low
CUST003234,0.05,Low
CUST005206,0.05,Low
CUST005277,0.05,Low
CUST006527,0.04666666666666667,Low
CUST001031,0.04666666666666667,Low
CUST003182,0.04666666666666667,Low
CUST003191,0.04666666666666667,Low
CUST002874,0.04666666666666667,Low
CUST001709,0.04666666666666667,Low
CUST001714,0.04666666666666667,Low
CUST006049,0.04666666666666667,Low
CUST005294,0.04666666666666667,Low
CUST003971,0.04666666666666667,Low
CUST004833,0.04666666666666667,Low
CUST000601,0.04666666666666667,Low
CUST000578,0.04666666666666667,Low
CUST000730,0.04666666666666667,Low
CUST005518,0.04666666666666667,Low
CUST007776,0.04666666666666667,Low
CUST004127,0.04666666666666667,Low
CUST006459,0.04666666666666667,Low
CUST002124,0.04666666666666667,Low
CUST005788,0.04666666666666667,Low
CUST006842,0.04666666666666667,Low
CUST004087,0.04666666666666667,Low
CUST001949,0.04666666666666667,Low
CUST001545,0.04666666666666667,Low
CUST001544,0.04666666666666667,Low
CUST007480,0.04666666666666667,Low
CUST004703,0.04666666666666667,Low
CUST004670,0.04666666666666667,Low
CUST004676,0.04666666666666667,Low
CUST002144,0.04666666666666667,Low
CUST006923,0.04666666666666667,Low
CUST003869,0.04666666666666667,Low
CUST004908,0.04666666666666667,Low
CUST001314,0.04666666666666667,Low
CUST001318,0.04666666666666667,Low
CUST002399,0.04666666666666667,Low
CUST005837,0.04666666666666667,Low
CUST000444,0.04666666666666667,Low
CUST002167,0.04666666666666667,Low
CUST001353,0.04666666666666667,Low
CUST001356,0.04666666666666667,Low
CUST002350,0.04666666666666667,Low
CUST002274,0.04666666666666667,Low
CUST001942,0.04666666666666667,Low
CUST004169,0.04666666666666667,Low
CUST007376,0.04666666666666667,Low
CUST001569,0.04666666666666667,Low
CUST004615,0.04666666666666667,Low
CUST007250,0.04666666666666667,Low
CUST003767,0.04666666666666667,Low
CUST006305,0.04666666666666667,Low
CUST003424,0.04666666666666667,Low
CUST007223,0.04666666666666667,Low
CUST002664,0.04666666666666667,Low
CUST002619,0.04666666666666667,Low
CUST004973,0.04666666666666667,Low
CUST004975,0.04666666666666667,Low
CUST003473,0.04666666666666667,Low
CUST007005,0.04666666666666667,Low
CUST003357,0.04666666666666667,Low
CUST000868,0.04666666666666667,Low
CUST001818,0.04666666666666667,Low
CUST001819,0.04666666666666667,Low
CUST006784,0.04666666666666667,Low
CUST006786,0.04666666666666667,Low
CUST000397,0.04666666666666667,Low
CUST000283,0.04666666666666667,Low
CUST005978,0.04666666666666667,Low
CUST002758,0.04666666666666667,Low
CUST003273,0.04666666666666667,Low
CUST007042,0.04666666666666667,Low
CUST001155,0.04666666666666667,Low
CUST001134,0.04666666666666667,Low
CUST001013,0.04666666666666667,Low
CUST001052,0.04666666666666667,Low
CUST003337,0.04666666666666667,Low
CUST007025,0.04666666666666667,Low
CUST001722,0.04666666666666667,Low
CUST007433,0.04666666666666667,Low
CUST004558,0.04666666666666667,Low
CUST004506,0.04666666666666667,Low
CUST001737,0.04666666666666667,Low
CUST005993,0.04666666666666667,Low
CUST003040,0.04666666666666667,Low
CUST000131,0.04666666666666667,Low
CUST007984,0.04666666666666667,Low
CUST007950,0.04666666666666667,Low
CUST000073,0.04666666666666667,Low
CUST000178,0.043333333333333335,Low
CUST006068,0.043333333333333335,Low
CUST007107,0.043333333333333335,Low
CUST006028,0.043333333333333335,Low
CUST004518,0.043333333333333335,Low
CUST004357,0.043333333333333335,Low
CUST007931,0.043333333333333335,Low
CUST006823,0.043333333333333335,Low
CUST001960,0.043333333333333335,Low
CUST004158,0.043333333333333335,Low
CUST006835,0.043333333333333335,Low
CUST001441,0.043333333333333335,Low
CUST001645,0.043333333333333335,Low
CUST001570,0.043333333333333335,Low
CUST007371,0.043333333333333335,Low
CUST004684,0.043333333333333335,Low
CUST001875,0.043333333333333335,Low
CUST001930,0.043333333333333335,Low
CUST004224,0.043333333333333335,Low
CUST006806,0.043333333333333335,Low
CUST001886,0.043333333333333335,Low
CUST004234,0.043333333333333335,Low
CUST004617,0.043333333333333335,Low
CUST004609,0.043333333333333335,Low
CUST005618,0.043333333333333335,Low
CUST005605,0.043333333333333335,Low
CUST000639,0.043333333333333335,Low
CUST000644,0.043333333333333335,Low
CUST006677,0.043333333333333335,Low
CUST001525,0.043333333333333335,Low
CUST004818,0.043333333333333335,Low
CUST000616,0.043333333333333335,Low
CUST007791,0.043333333333333335,Low
CUST005385,0.043333333333333335,Low
CUST003845,0.043333333333333335,Low
CUST003450,0.043333333333333335,Low
CUST003587,0.043333333333333335,Low
CUST002412,0.043333333333333335,Low
CUST005055,0.043333333333333335,Low
CUST002671,0.043333333333333335,Low
CUST005040,0.043333333333333335,Low
CUST001188,0.043333333333333335,Low
CUST005281,0.043333333333333335,Low
CUST001120,0.043333333333333335,Low
CUST003030,0.043333333333333335,Low
CUST000089,0.043333333333333335,Low
CUST007710,0.043333333333333335,Low
CUST000940,0.043333333333333335,Low
CUST000010,0.043333333333333335,Low
CUST006545,0.043333333333333335,Low
CUST000969,0.043333333333333335,Low
CUST000395,0.043333333333333335,Low
CUST001061,0.043333333333333335,Low
CUST002940,0.043333333333333335,Low
CUST002911,0.043333333333333335,Low
CUST007051,0.043333333333333335,Low
CUST006289,0.043333333333333335,Low
CUST000248,0.043333333333333335,Low
CUST000258,0.043333333333333335,Low
CUST005104,0.043333333333333335,Low
CUST007877,0.043333333333333335,Low
CUST003379,0.043333333333333335,Low
CUST003315,0.043333333333333335,Low
CUST001170,0.043333333333333335,Low
CUST005164,0.043333333333333335,Low
CUST002403,0.043333333333333335,Low
CUST006300,0.043333333333333335,Low
CUST005846,0.043333333333333335,Low
CUST005484,0.043333333333333335,Low
CUST007575,0.043333333333333335,Low
CUST005852,0.043333333333333335,Low
CUST006844,0.043333333333333335,Low
CUST004022,0.043333333333333335,Low
CUST002136,0.043333333333333335,Low
CUST001164,0.043333333333333335,Low
CUST005012,0.043333333333333335,Low
CUST003452,0.043333333333333335,Low
CUST002448,0.043333333333333335,Low
CUST005322,0.043333333333333335,Low
CUST006322,0.043333333333333335,Low
CUST005921,0.043333333333333335,Low
CUST003978,0.043333333333333335,Low
CUST000756,0.043333333333333335,Low
CUST001400,0.04,Low
CUST006643,0.04,Low
CUST004814,0.04,Low
CUST001690,0.04,Low
CUST001763,0.04,Low
CUST004418,0.04,Low
CUST006093,0.04,Low
CUST007802,0.04,Low
CUST000611,0.04,Low
CUST000060,0.04,Low
CUST007703,0.04,Low
CUST002880,0.04,Low
CUST003075,0.04,Low
CUST006221,0.04,Low
CUST003099,0.04,Low
CUST002984,0.04,Low
CUST007091,0.04,Low
CUST000051,0.04,Low
CUST003282,0.04,Low
CUST005955,0.04,Low
CUST003091,0.04,Low
CUST000910,0.04,Low
CUST006519,0.04,Low
CUST006992,0.04,Low
CUST000870,0.04,Low
CUST005986,0.04,Low
CUST000334,0.04,Low
CUST000875,0.04,Low
CUST007865,0.04,Low
CUST006326,0.04,Low
CUST003371,0.04,Low
CUST005915,0.04,Low
CUST007839,0.04,Low
CUST005823,0.04,Low
CUST005771,0.04,Low
CUST003563,0.04,Low
CUST001529,0.04,Low
CUST000626,0.04,Low
CUST000733,0.04,Low
CUST000687,0.04,Low
CUST007377,0.04,Low
CUST004150,0.04,Low
CUST001613,0.04,Low
CUST005700,0.04,Low
CUST007478,0.04,Low
CUST001854,0.04,Low
CUST004186,0.04,Low
CUST006420,0.04,Low
CUST005510,0.04,Low
CUST001444,0.04,Low
CUST001443,0.04,Low
CUST007811,0.04,Low
CUST007901,0.04,Low
CUST000162,0.04,Low
CUST006029,0.04,Low
CUST000188,0.04,Low
CUST006039,0.04,Low
CUST004382,0.04,Low
CUST007435,0.04,Low
CUST007339,0.04,Low
CUST004969,0.04,Low
CUST005434,0.04,Low
CUST003721,0.04,Low
CUST003888,0.04,Low
CUST002153,0.04,Low
CUST005421,0.04,Low
CUST005790,0.04,Low
CUST001275,0.04,Low
CUST006762,0.03666666666666667,Low
CUST007427,0.03666666666666667,Low
CUST004367,0.03666666666666667,Low
CUST000198,0.03666666666666667,Low
CUST007928,0.03666666666666667,Low
CUST004798,0.03666666666666667,Low
CUST007820,0.03666666666666667,Low
CUST001445,0.03666666666666667,Low
CUST007352,0.03666666666666667,Low
CUST007367,0.03666666666666667,Low
CUST004120,0.03666666666666667,Low
CUST006817,0.03666666666666667,Low
CUST001410,0.03666666666666667,Low
CUST007419,0.03666666666666667,Low
CUST001827,0.03666666666666667,Low
CUST001899,0.03666666666666667,Low
CUST001651,0.03666666666666667,Low
CUST006388,0.03666666666666667,Low
CUST007448,0.03666666666666667,Low
CUST001928,0.03666666666666667,Low
CUST001491,0.03666666666666667,Low
CUST006749,0.03666666666666667,Low
CUST006103,0.03666666666666667,Low
CUST006101,0.03666666666666667,Low
CUST006203,0.03666666666666667,Low
CUST004356,0.03666666666666667,Low
CUST004319,0.03666666666666667,Low
CUST007541,0.03666666666666667,Low
CUST002021,0.03666666666666667,Low
CUST006377,0.03666666666666667,Low
CUST001420,0.03666666666666667,Low
CUST007334,0.03666666666666667,Low
CUST005719,0.03666666666666667,Low
CUST002110,0.03666666666666667,Low
CUST000495,0.03666666666666667,Low
CUST002258,0.03666666666666667,Low
CUST000496,0.03666666666666667,Low
CUST002479,0.03666666666666667,Low
CUST002453,0.03666666666666667,Low
CUST002690,0.03666666666666667,Low
CUST006572,0.03666666666666667,Low
CUST000819,0.03666666666666667,Low
CUST007598,0.03666666666666667,Low
CUST005914,0.03666666666666667,Low
CUST001239,0.03666666666666667,Low
CUST000808,0.03666666666666667,Low
CUST005756,0.03666666666666667,Low
CUST004017,0.03666666666666667,Low
CUST002079,0.03666666666666667,Low
CUST000278,0.03666666666666667,Low
CUST003375,0.03666666666666667,Low
CUST003511,0.03666666666666667,Low
CUST005086,0.03666666666666667,Low
CUST006565,0.03666666666666667,Low
CUST005079,0.03666666666666667,Low
CUST001038,0.03666666666666667,Low
CUST001047,0.03666666666666667,Low
CUST002884,0.03666666666666667,Low
CUST003301,0.03666666666666667,Low
CUST002687,0.03666666666666667,Low
CUST000385,0.03666666666666667,Low
CUST005052,0.03666666666666667,Low
CUST005933,0.03666666666666667,Low
CUST000982,0.03666666666666667,Low
CUST007675,0.03666666666666667,Low
CUST000992,0.03666666666666667,Low
CUST005956,0.03666666666666667,Low
CUST005172,0.03666666666666667,Low
CUST000054,0.03666666666666667,Low
CUST006218,0.03333333333333333,Low
CUST000062,0.03333333333333333,Low
CUST005268,0.03333333333333333,Low
CUST000038,0.03333333333333333,Low
CUST006246,0.03333333333333333,Low
CUST000955,0.03333333333333333,Low
CUST000941,0.03333333333333333,Low
CUST007701,0.03333333333333333,Low
CUST000728,0.03333333333333333,Low
CUST004756,0.03333333333333333,Low
CUST004762,0.03333333333333333,Low
CUST006462,0.03333333333333333,Low
CUST000787,0.03333333333333333,Low
CUST006630,0.03333333333333333,Low
CUST005084,0.03333333333333333,Low
CUST000885,0.03333333333333333,Low
CUST001211,0.03333333333333333,Low
CUST001192,0.03333333333333333,Low
CUST005491,0.03333333333333333,Low
CUST004824,0.03333333333333333,Low
CUST001574,0.03333333333333333,Low
CUST005887,0.03333333333333333,Low
CUST002779,0.03333333333333333,Low
CUST007066,0.03333333333333333,Low
CUST003046,0.03333333333333333,Low
CUST007156,0.03333333333333333,Low
CUST002959,0.03333333333333333,Low
CUST006205,0.03333333333333333,Low
CUST000112,0.03333333333333333,Low
CUST006998,0.03333333333333333,Low
CUST002337,0.03333333333333333,Low
CUST003590,0.03333333333333333,Low
CUST000443,0.03333333333333333,Low
CUST006890,0.03333333333333333,Low
CUST003970,0.03333333333333333,Low
CUST000523,0.03333333333333333,Low
CUST003885,0.03333333333333333,Low
CUST003936,0.03333333333333333,Low
CUST002208,0.03333333333333333,Low
CUST000442,0.03333333333333333,Low
CUST007299,0.03333333333333333,Low
CUST000618,0.03333333333333333,Low
CUST001896,0.03333333333333333,Low
CUST001834,0.03333333333333333,Low
CUST004081,0.03333333333333333,Low
CUST004222,0.03333333333333333,Low
CUST004585,0.03333333333333333,Low
CUST001702,0.03333333333333333,Low
CUST000632,0.03333333333333333,Low
CUST006387,0.03333333333333333,Low
CUST002601,0.03333333333333333,Low
CUST003745,0.03333333333333333,Low
CUST006870,0.03,Low
CUST007748,0.03,Low
CUST000806,0.03,Low
CUST004715,0.03,Low
CUST004675,0.03,Low
CUST005244,0.03,Low
CUST001225,0.03,Low
CUST001306,0.03,Low
CUST000760,0.03,Low
CUST006642,0.03,Low
CUST004737,0.03,Low
CUST007684,0.03,Low
CUST005260,0.03,Low
CUST007617,0.03,Low
CUST001282,0.03,Low
CUST006296,0.03,Low
CUST002744,0.03,Low
CUST000217,0.03,Low
CUST000260,0.03,Low
CUST006177,0.03,Low
CUST007292,0.03,Low
CUST004008,0.03,Low
CUST003894,0.03,Low
CUST003921,0.03,Low
CUST002252,0.03,Low
CUST002796,0.03,Low
CUST003898,0.03,Low
CUST003734,0.03,Low
CUST006336,0.03,Low
CUST000438,0.03,Low
CUST003612,0.03,Low
CUST002613,0.03,Low
CUST000377,0.03,Low
CUST002703,0.03,Low
CUST005600,0.03,Low
CUST006744,0.03,Low
CUST005677,0.03,Low
CUST003687,0.03,Low
CUST006845,0.03,Low
CUST004058,0.03,Low
CUST002793,0.03,Low
CUST002970,0.02666666666666667,Low
CUST003333,0.02666666666666667,Low
CUST000712,0.02666666666666667,Low
CUST007499,0.02666666666666667,Low
CUST003369,0.02666666666666667,Low
CUST002523,0.02666666666666667,Low
CUST003283,0.02666666666666667,Low
CUST007302,0.02666666666666667,Low
CUST004441,0.02666666666666667,Low
CUST002358,0.02666666666666667,Low
CUST007289,0.02666666666666667,Low
CUST000231,0.02666666666666667,Low
CUST007918,0.02666666666666667,Low
CUST002443,0.02666666666666667,Low
CUST002459,0.02666666666666667,Low
CUST002410,0.02666666666666667,Low
CUST003776,0.02666666666666667,Low
CUST004522,0.02666666666666667,Low
CUST006376,0.02666666666666667,Low
CUST005743,0.02666666666666667,Low
CUST003957,0.02666666666666667,Low
CUST000154,0.02666666666666667,Low
CUST004976,0.02666666666666667,Low
CUST001051,0.02666666666666667,Low
CUST004909,0.02666666666666667,Low
CUST007766,0.02666666666666667,Low
CUST001664,0.02666666666666667,Low
CUST003077,0.02666666666666667,Low
CUST000072,0.02666666666666667,Low
CUST001374,0.02666666666666667,Low
CUST005392,0.02666666666666667,Low
CUST000690,0.023333333333333334,Low
CUST006530,0.023333333333333334,Low
CUST005219,0.023333333333333334,Low
CUST006262,0.023333333333333334,Low
CUST006019,0.023333333333333334,Low
CUST002260,0.023333333333333334,Low
CUST001713,0.023333333333333334,Low
CUST005580,0.023333333333333334,Low
CUST000273,0.023333333333333334,Low
CUST003043,0.023333333333333334,Low
CUST007164,0.023333333333333334,Low
CUST003277,0.023333333333333334,Low
CUST007012,0.023333333333333334,Low
CUST005324,0.023333333333333334,Low
CUST001576,0.023333333333333334,Low
CUST007595,0.023333333333333334,Low
CUST001357,0.023333333333333334,Low
CUST001232,0.023333333333333334,Low
CUST001046,0.023333333333333334,Low
CUST005069,0.023333333333333334,Low
CUST007682,0.023333333333333334,Low
CUST001178,0.023333333333333334,Low
CUST005911,0.023333333333333334,Low
CUST002652,0.023333333333333334,Low
CUST007198,0.023333333333333334,Low
CUST003422,0.023333333333333334,Low
CUST003510,0.023333333333333334,Low
CUST001629,0.023333333333333334,Low
CUST003899,0.023333333333333334,Low
CUST006281,0.023333333333333334,Low
CUST003772,0.023333333333333334,Low
CUST003218,0.02,Low
CUST004077,0.02,Low
CUST007279,0.02,Low
CUST002085,0.02,Low
CUST007860,0.02,Low
CUST002795,0.02,Low
CUST006731,0.02,Low
CUST001063,0.02,Low
CUST006576,0.02,Low
CUST005551,0.02,Low
CUST000056,0.02,Low
CUST005467,0.02,Low
CUST001464,0.02,Low
CUST001605,0.02,Low
CUST003553,0.02,Low
CUST004179,0.02,Low
CUST002709,0.02,Low
CUST005365,0.02,Low
CUST005319,0.016666666666666666,Low
CUST000895,0.016666666666666666,Low
CUST000071,0.016666666666666666,Low
CUST007778,0.016666666666666666,Low
CUST001360,0.016666666666666666,Low
CUST005975,0.016666666666666666,Low
CUST000204,0.016666666666666666,Low
CUST002953,0.016666666666666666,Low
CUST003577,0.016666666666666666,Low
CUST003482,0.016666666666666666,Low
CUST003306,0.016666666666666666,Low
CUST002792,0.016666666666666666,Low
CUST001462,0.016666666666666666,Low
CUST005320,0.016666666666666666,Low
CUST000764,0.016666666666666666,Low
CUST003453,0.016666666666666666,Low
CUST006195,0.016666666666666666,Low
CUST004649,0.016666666666666666,Low
CUST002029,0.016666666666666666,Low
CUST001822,0.016666666666666666,Low
CUST001838,0.016666666666666666,Low
CUST004241,0.013333333333333334,Low
CUST001635,0.013333333333333334,Low
CUST006138,0.013333333333333334,Low
CUST000238,0.013333333333333334,Low
CUST001254,0.013333333333333334,Low
CUST001365,0.013333333333333334,Low
CUST006536,0.013333333333333334,Low
CUST006849,0.013333333333333334,Low
CUST002891,0.013333333333333334,Low
CUST001317,0.01,Low
CUST005059,0.01,Low
CUST003078,0.01,Low
CUST000304,0.01,Low
CUST004853,0.006666666666666667,Low
CUST002861,0.0033333333333333335,Low
CUST003031,0.0033333333333333335,Low
